图片链接,标题,日期,阅读数
https://quan-1259287960.cos.ap-guangzhou.myqcloud.com/1000029/9f976fb254354e988d5beb3646d48741,客户问答 | 有赞小程序绑定的主体和企业微信主体不一致，订单可以同步吗,2022/8/15,201
https://quan-1259287960.cos.ap-guangzhou.myqcloud.com/1000029/cb4d1ed09efe4b968c4fedf4d87edaa3,关于B2B/耐消行业的难题，海尔空调用私域解了,2022/8/15,189
https://quan-1259287960.cos.ap-guangzhou.myqcloud.com/1000029/039a210ee66147128edcb5812d04f6aa,一场活动新增70万会员：千亿乳企伊利的私域与数字化实践,2022/8/15,151
https://quan-1259287960.cos.ap-guangzhou.myqcloud.com/1000029/434b540da4de4b089d5bd22a679c021d,私域运营和SCRM有什么关联？如何助力企业实现业务增长？,2022/8/15,199
https://quan-1259287960.cos.ap-guangzhou.myqcloud.com/1000029/65390d361f4a4077bc4065340c8571c6,企业微信话术库有什么作用？怎么添加？,2022/8/15,150
https://quan-1259287960.cos.ap-guangzhou.myqcloud.com/1000029/044937ce45a448df85f8bf87310a9bcd,企业微信如何自动回复吗？微信群机器人怎么设置？,2022/8/15,219
https://quan-1259287960.cos.ap-guangzhou.myqcloud.com/1000029/4f69b899a89e444cbb9a0c077cf3217b,圈量7月活动月报 | 持续深耕全域数字化营销,2022/8/5,182
https://quan-1259287960.cos.ap-guangzhou.myqcloud.com/1000029/c8fc2141612843d6a9420e3b2a50a5f0,后疫情时代，生鲜餐饮连锁私域3.0操盘秘笈 | 直播精华回顾,2022/8/5,245
https://quan-1259287960.cos.ap-guangzhou.myqcloud.com/1000029/f6c9322884244ff98acb8c0c4fdbda6e,客户问答 | 腾讯云mall订单是实时对接到圈量侧边栏的吗,2022/8/5,204
https://quan-1259287960.cos.ap-guangzhou.myqcloud.com/1000029/498883424c4a47028c5ca2c72c22da6b,人口红利不复存在，天虹如何驱动5万导购带来一年20亿增量？,2022/8/2,168
https://quan-1259287960.cos.ap-guangzhou.myqcloud.com/1000029/668980263d084faba63939773ce4ed9e,一支卸妆油的十亿级增长秘诀,2022/7/26,280
https://quan-1259287960.cos.ap-guangzhou.myqcloud.com/1000029/1cb411578b4e42299d726ccacdf90bde,企业微信员工离职后，还能看到与客户的聊天记录吗？,2022/7/26,177
https://quan-1259287960.cos.ap-guangzhou.myqcloud.com/1000029/a28974c014ce4c88b56d1076d183801a,圈量SCRM | 企业微信如何关联小程序详细教程,2022/7/26,214
https://quan-1259287960.cos.ap-guangzhou.myqcloud.com/1000029/9c89b9c0020646adbb17c4a1256a61bf,如何用实现私域社群自动化运营？看企业微信这两个功能！,2022/7/26,183
https://quan-1259287960.cos.ap-guangzhou.myqcloud.com/1000029/c99e50feebd742f18eece1169545174c,坐拥1.7亿私域流量，朴朴超市成立6年就150亿？,2022/7/25,230
https://quan-1259287960.cos.ap-guangzhou.myqcloud.com/1000029/d09d26d1ad364f8e9488cb1f59d07863,客户问答 | 圈量SCRM打的标签可以同步到自己研发的CRM系统里吗,2022/7/25,149
https://quan-1259287960.cos.ap-guangzhou.myqcloud.com/1000029/fc75a28f815c437bbe49bc9effc7ef4f,客户问答 | 先提交表单后添加好友，可以实时查看客户详情吗,2022/7/25,143
https://quan-1259287960.cos.ap-guangzhou.myqcloud.com/1000029/e5d2abe354064ae28e02a39d7294abe9,客户问答 | 圈量LBS门店活码能实现哪些能力？,2022/7/25,142
https://quan-1259287960.cos.ap-guangzhou.myqcloud.com/1000029/b2029f9f963147ea880e49f5b1680d6b,企业微信是怎么样让企业高效办公的？,2022/7/25,192
https://quan-1259287960.cos.ap-guangzhou.myqcloud.com/1000029/e312d7477f9c4483b9208d8a1ac52d3a,如何利用企业微信进行内部的运营与管理,2022/7/25,160
https://quan-1259287960.cos.ap-guangzhou.myqcloud.com/1000029/42b672c39995456aaad3c3796e485841,如何让员工接受企业微信？分享几种内部推广的方式,2022/7/25,194
https://quan-1259287960.cos.ap-guangzhou.myqcloud.com/1000029/279cda628aa04ff3b0ceba4a641a46bc,SOP是什么？SOP有哪些基本的组成要素,2022/7/22,261
https://quan-1259287960.cos.ap-guangzhou.myqcloud.com/1000029/ac75e6ed11b14ff088a89c17629c3650,员工离职带走客户？微信SCRM系统完美的解决这个问题,2022/7/22,221
https://quan-1259287960.cos.ap-guangzhou.myqcloud.com/1000029/9e8f5e08bdba44bc981fdb739cc6f6e9,微信SCRM如何助力企业与客户建立良好的客户关系,2022/7/22,202
https://quan-1259287960.cos.ap-guangzhou.myqcloud.com/1000029/5ed89c3fed884bd99015f4b06a8a6fcd,微信SCRM系统助力企业对高价值客户管理,2022/7/22,207
https://quan-1259287960.cos.ap-guangzhou.myqcloud.com/1000029/dc399a60526d42eeb81a58f29056b6e5,教育培训行业如何通过企业微信SCRM系统设置SOP,2022/7/22,170
https://quan-1259287960.cos.ap-guangzhou.myqcloud.com/1000029/e6091ff24ebd4e6fb52dc2ff78dc44f8,客户问答 | 定制化小程序商城可以与圈量SCRM系统打通吗,2022/7/21,202
https://quan-1259287960.cos.ap-guangzhou.myqcloud.com/1000029/cd7e13cc8f3440958c6e353c1d5e92d1,"宜家如何拯救宜家?3000万私域会员疫情云逛店,营收狂涨60%",2022/7/21,162
https://quan-1259287960.cos.ap-guangzhou.myqcloud.com/1000029/d85de1e09d71471a8a7d1c1f7a5a308f,如何通过微信SCRM客户管理系统培育客户,2022/7/21,142
https://quan-1259287960.cos.ap-guangzhou.myqcloud.com/1000029/a28c3e1f27d848ee87187b44189d11a4,企微SCRM可以为企业解决哪些私域营销难题？,2022/7/21,162
https://quan-1259287960.cos.ap-guangzhou.myqcloud.com/1000029/f1804a0a127346f78f0f55be860ca74a,圈量SCRM | 企业微信SCRM系统的作用和意义,2022/7/21,240
https://quan-1259287960.cos.ap-guangzhou.myqcloud.com/1000029/5866c50f01c74f9a8bdb0c7243abed8f,太二：一条年收32亿、砍获40万私域用户的酸菜鱼,2022/7/20,154
https://quan-1259287960.cos.ap-guangzhou.myqcloud.com/1000029/7052afc801f6408b95450dc6a526a4d8,欧莱雅以多SKU延长用户生命周期？美业私域的3个关键来了,2022/7/20,199
https://quan-1259287960.cos.ap-guangzhou.myqcloud.com/1000029/383cf1b1ca594787b482e9bebc651175,圈量SCRM | 企业微信认证怎么认证？,2022/7/20,166
https://quan-1259287960.cos.ap-guangzhou.myqcloud.com/1000029/e3d2b8a54b234fb191a651ea02c049e0,企业微信引流该如何做？用SCRM软件能实现哪些营销效果？,2022/7/20,198
https://quan-1259287960.cos.ap-guangzhou.myqcloud.com/1000029/61a48a03b6824db5b6f2886164f6912b,企业微信做私域流量载体，该如何利用自带功能进行营销？,2022/7/20,229
https://quan-1259287960.cos.ap-guangzhou.myqcloud.com/1000029/5b1fae2891ce436e82ff01240e3b466f,快消私域如何运营？团队如何搭建？这些落地做法你要知道,2022/7/19,221
https://quan-1259287960.cos.ap-guangzhou.myqcloud.com/1000029/160e162dc94e46d789375c5e20e0b3ad,企业微信有群发功能吗？SCRM软件怎么设置群发？,2022/7/19,163
https://quan-1259287960.cos.ap-guangzhou.myqcloud.com/1000029/bdde807c02d14cec89b9810a1ea9824b,圈量SCRM | 企业微信如何让客户扫码一键加群？,2022/7/19,194
https://quan-1259287960.cos.ap-guangzhou.myqcloud.com/1000029/bab0b7b080a94b459119f0300a0f662d,企业微信营销有哪些方面？SCRM工具是如何助力营销的,2022/7/19,204
https://quan-1259287960.cos.ap-guangzhou.myqcloud.com/1000029/0fc7bb3a5ce943478db5e973a7cb2ff0,圈量SCRM简介-企业微信营销工具,2022/7/19,387
https://quan-1259287960.cos.ap-guangzhou.myqcloud.com/1000029/4d5d77f5f1744c519839a162f62377e0,圈量SCRM | 微信互通CRM系统对企业有哪些好处,2022/7/18,239
https://quan-1259287960.cos.ap-guangzhou.myqcloud.com/1000029/9734439478404dd58a40d44aee64e8a1,圈量SCRM | 企业微信营销怎么设置社群管理机器人吗？,2022/7/18,153
https://quan-1259287960.cos.ap-guangzhou.myqcloud.com/1000029/2328b397ca7549c8a64f01c48bd35f23,企业微信营销群发时，要怎么写内容？需要注意什么？,2022/7/18,166
https://quan-1259287960.cos.ap-guangzhou.myqcloud.com/1000029/23be2c532208411288be067b7b47d435,圈量SCRM | 私域用户数据沉淀是造画像的重要基石,2022/7/18,209
https://quan-1259287960.cos.ap-guangzhou.myqcloud.com/1000029/048373e360824ad9a7ebcdfe65150b57,【案例拆解】母婴私域如何盘活宝妈用户？看贝亲的私域全链路分析,2022/7/15,264
https://quan-1259287960.cos.ap-guangzhou.myqcloud.com/1000029/8e332a9bc11a42c4a0e03a8afc7643b3,【私域案例分享】坐拥数据驱动的3亿私域流量池，刘u宏们打不败Keep,2022/7/15,249
https://quan-1259287960.cos.ap-guangzhou.myqcloud.com/1000029/95f149b395594f818a8de838db82a28e,社群运营的拉新裂变有哪些玩法？,2022/7/15,251
https://quan-1259287960.cos.ap-guangzhou.myqcloud.com/1000029/abb44c3fab8141bab05e83ad95cf9ee4,企业应该如何去做好社群运营？,2022/7/15,257
https://quan-1259287960.cos.ap-guangzhou.myqcloud.com/1000029/f894d04af73e49019ae2451510dea296,直播电商如何提升会员率，他们用私域驱动长效增长！,2022/7/15,266
https://quan-1259287960.cos.ap-guangzhou.myqcloud.com/1000029/515e868b046f48149ce878703d4b7129,关于华为应用市场出现冒用我公司名义开发APP的公告,2022/7/15,245
https://quan-1259287960.cos.ap-guangzhou.myqcloud.com/1000029/d416c00566d1401691598564ce649514,干货：名创优品基于社群的完整私域打法（含完整社群SOP）,2022/7/14,273
https://quan-1259287960.cos.ap-guangzhou.myqcloud.com/1000029/ffafabc7d06846dea06d3d719e527e19,永璞咖啡年销1个亿，值得新消费品借鉴的“私域拆解”来了！,2022/7/14,258
https://quan-1259287960.cos.ap-guangzhou.myqcloud.com/1000029/23da2bf590db430e846f7d4d004a061b,实体商家如何借助企微SCRM提升运营私域流量的能力？,2022/7/14,276
https://quan-1259287960.cos.ap-guangzhou.myqcloud.com/1000029/254d57cc79314046a3601e0221056799,母婴行业做私域时，需要注意哪些点呢？,2022/7/14,198
https://quan-1259287960.cos.ap-guangzhou.myqcloud.com/1000029/10b441ad6b5746c389524e278f40a5a3,【案例拆解】名创优品私域拆解,2022/7/13,257
https://quan-1259287960.cos.ap-guangzhou.myqcloud.com/1000029/3b75dff30c9543d6b9238c18b58be8b0,私域游戏化运营？先了解这四个必看！,2022/7/13,248
https://quan-1259287960.cos.ap-guangzhou.myqcloud.com/1000029/9ba8765b399b40df9b85e2b8e51732d3,企业微信如何看视频号内容吗？可以点赞、评论视频吗？,2022/7/13,197
https://quan-1259287960.cos.ap-guangzhou.myqcloud.com/1000029/e62274c6db634f109ed23254578657e3,私域营销：视频号该如何运营，有哪些技巧？,2022/7/13,210
https://quan-1259287960.cos.ap-guangzhou.myqcloud.com/1000029/e2939c842a1548d499778f00e5d6532b,私域营销：门店怎样利用视频号直播裂变获客呢？,2022/7/13,177
https://quan-1259287960.cos.ap-guangzhou.myqcloud.com/1000029/0ee8d045d8e6402aad86418602d0ef62,1年营收3.5亿的醉鹅娘，如何凭内容让业绩提升100%？,2022/7/12,260
https://quan-1259287960.cos.ap-guangzhou.myqcloud.com/1000029/5f475abec8cb4e3bb41de293e8445776,Ubras连续4年霸占内衣榜单第一 它是如何做好私域的？,2022/7/12,252
https://quan-1259287960.cos.ap-guangzhou.myqcloud.com/1000029/af0528d2b9034325a489b5762f37cce1,圈量SCRM | 企业微信如何管理客户？促活的方式有哪些？,2022/7/12,197
https://quan-1259287960.cos.ap-guangzhou.myqcloud.com/1000029/8688a75ce2bb4cde9f47fe1d6945b8e6,私域流量体系要如何搭建？怎么利用企业微信引流?,2022/7/11,861
https://quan-1259287960.cos.ap-guangzhou.myqcloud.com/1000029/e54eca44404f4258b2c8aaee88506451,融入“存量时代”发展潮流，圈量SCRM助力企业数字化营销,2022/7/11,510
https://quan-1259287960.cos.ap-guangzhou.myqcloud.com/1000029/038532f8169c4df0b94bcdebfce08672,社群运营被同行、竞品广告盯上了怎么办？,2022/7/11,514
https://quan-1259287960.cos.ap-guangzhou.myqcloud.com/1000029/fa46ded453f94bc28685519332958bb6,圈量SCRM：帮助企业搭建私域运营体系，实现微信营销闭环,2022/7/11,562
https://quan-1259287960.cos.ap-guangzhou.myqcloud.com/1000029/aef7021f844a44bababef86306173195,企业微信标签如何设置？可以快捷打标签吗？,2022/7/11,522
https://quan-1259287960.cos.ap-guangzhou.myqcloud.com/1000029/10c60b8b966e44f595e6b730f41fa50c,企业微信如何快捷打标签?企业微信怎么按照标签群发?,2022/7/11,390
https://quan-1259287960.cos.ap-guangzhou.myqcloud.com/1000029/8f66a2baac534d30b09f2229a956ff09,企业微信SCRM是什么?带你三分钟了解它,2022/7/11,455
https://quan-1259287960.cos.ap-guangzhou.myqcloud.com/1000029/73f78c1146444bc4b02ece6d1889cad7,私域流量运营工具如何选择呢？,2022/7/11,806
https://quan-1259287960.cos.ap-guangzhou.myqcloud.com/1000029/a0a4c9069db24de2bb1c4ad214c10a7e,企业微信如何给客户快捷打标签精细化管理呢?,2022/7/11,370
https://quan-1259287960.cos.ap-guangzhou.myqcloud.com/1000029/45abede83f654b5ea206ede058c11bc4,企业微信主动和被动加好友功能分别有哪些？,2022/7/11,465
https://quan-1259287960.cos.ap-guangzhou.myqcloud.com/1000029/30b29a4864ec4dcb9be4b52a1a9a0ffa,私域SCRM系统如何有效促进公司业绩增长,2022/7/11,235
https://quan-1259287960.cos.ap-guangzhou.myqcloud.com/1000029/daa9780a457c4bb9b7a696dffba4d330,scrm系统是什么意思?如何利用企业微信SCRM工具进行营销?,2022/7/11,425
https://quan-1259287960.cos.ap-guangzhou.myqcloud.com/1000029/a02b98ddb0d14ba99f717d1ea0ff7c00,企业微信怎么拉人进群？,2022/7/11,310
https://quan-1259287960.cos.ap-guangzhou.myqcloud.com/1000029/a334c3375eee4c738ba42c94f42a33b9,企业微信添加外部联系人操作步骤,2022/7/11,564
https://quan-1259287960.cos.ap-guangzhou.myqcloud.com/1000029/3774037f9cb34439b1eb09492fefe725,私域流量运营工作具体要如何开展，要关注的重点指标有哪些？,2022/7/11,785
https://quan-1259287960.cos.ap-guangzhou.myqcloud.com/1000029/43977f3f25494809876bb86fe8361478,微信暂停注册，很有可能有大动作！,2022/7/11,502
https://quan-1259287960.cos.ap-guangzhou.myqcloud.com/1000029/b90499d2eeae4488ab6bd0318597ef50,企业微信有电商订单管理功能吗，企业微信的侧边栏支持管理订单吗？,2022/7/11,554
https://quan-1259287960.cos.ap-guangzhou.myqcloud.com/1000029/da74b365142e47489331a0ab7ba4c2c7,个微转企微如何批量转移客户,2022/7/11,236
https://quan-1259287960.cos.ap-guangzhou.myqcloud.com/1000029/e78fbc8bf6bd4ae79f4593bdcf2b3aed,企业微信有没有定时发送功能？如何给客户定时发送消息？,2022/7/11,809
https://quan-1259287960.cos.ap-guangzhou.myqcloud.com/1000029/0a1c8416a80242ce942091151e505b13,企业微信外部联系人是什么？添加上限是多少？,2022/7/11,406
https://quan-1259287960.cos.ap-guangzhou.myqcloud.com/1000029/f090d4521868411daa13eeae409a8148,企业微信群聊人数限制是多少？企业微信创建群聊数量有限制吗？,2022/7/11,942
https://quan-1259287960.cos.ap-guangzhou.myqcloud.com/1000029/c128958a14e04ff084038f7bc2c03c0a,企业微信加粉触达率翻20倍！AI外呼+SCRM助力电商快速引流,2022/7/11,1232
https://quan-1259287960.cos.ap-guangzhou.myqcloud.com/1000029/b2c0e39b8b4e49909dadbd15435709e6,圈量SCRM | 企业微信SCRM系统哪个好用,2022/7/11,183
https://quan-1259287960.cos.ap-guangzhou.myqcloud.com/1000029/abf1e417e26e4e1a9ccfbfb1bda0281a,圈量SCRM | 私域社群运营如何保持活跃？,2022/7/11,200
https://quan-1259287960.cos.ap-guangzhou.myqcloud.com/1000029/ba266f55a92b4457bf0b7d0530e46456,如何快速搭建私域活动、内容和运营体系？,2022/7/11,196
https://quan-1259287960.cos.ap-guangzhou.myqcloud.com/1000029/44de0b395b5847ce8456ed6705af38cb,企业微信私域营销有哪些方式方法,2022/7/11,244
https://quan-1259287960.cos.ap-guangzhou.myqcloud.com/1000029/2ac53567d5dc4d648334152c130d5b67,私域营销：直播互动抽奖有哪些玩法，如何实现拉新裂变？,2022/7/11,238
https://quan-1259287960.cos.ap-guangzhou.myqcloud.com/1000029/dda4a65f14694f5a90647ff371559e4a,企业微信SCRM软件是如何帮助到企业的？,2022/7/8,175
https://quan-1259287960.cos.ap-guangzhou.myqcloud.com/1000029/221946b6e86a4f1cb186e4d08349a9c2,企业微信SCRM如何帮助企业提升与客户的互动关系,2022/7/8,167
https://quan-1259287960.cos.ap-guangzhou.myqcloud.com/1000029/94b4932db41647459a61bd661a101125,千人千面标签库！企业微信SCRM教你搭建私域用户标签,2022/7/8,255
https://quan-1259287960.cos.ap-guangzhou.myqcloud.com/1000029/7a3efd567df5468c9380e53bbe8901da,普通微信好友怎么高效转移到企业微信？看这份内部实操指南,2022/7/8,201
https://quan-1259287960.cos.ap-guangzhou.myqcloud.com/1000029/7cbdf3bf84174813a540c187996f6d56,企业微信怎么做才可以与普通微信的消息互通,2022/7/7,176
https://quan-1259287960.cos.ap-guangzhou.myqcloud.com/1000029/15e4ab214b114e13b5385c963c701026,企业微信有订单管理系统吗？怎么管理订单？,2022/7/7,221
https://quan-1259287960.cos.ap-guangzhou.myqcloud.com/1000029/892fa45a8dd34c3d8543636b33990a97,企业微信怎么添加营销机器人？如何做到自动踢人吗？,2022/7/7,168
https://quan-1259287960.cos.ap-guangzhou.myqcloud.com/1000029/af41b337c77447b3bafe296e36fcd5b8,哪个企业微信SCRM软件可以群发短信？,2022/7/7,188
https://quan-1259287960.cos.ap-guangzhou.myqcloud.com/1000029/549ca5872e5e4a27a3884d43ac0d5314,举办活动如何利用企业微信朋友圈宣传预热？,2022/7/7,202
https://quan-1259287960.cos.ap-guangzhou.myqcloud.com/1000029/b3c8968f95eb4033ab7382554c1fe22b,企业微信怎么操作才能看到员工聊天记录吗？,2022/7/6,170
https://quan-1259287960.cos.ap-guangzhou.myqcloud.com/1000029/23bd0ce887a84d8abd84f553c0942a34,企业微信创建表单功能在哪？可以获取客户反馈的数据吗？,2022/7/6,229
https://quan-1259287960.cos.ap-guangzhou.myqcloud.com/1000029/9ddd9bae66e64dd5a438b3c8d08bf683,企业微信怎么对销售的聊天进行存档？会话存档功能在哪？,2022/7/6,208
https://quan-1259287960.cos.ap-guangzhou.myqcloud.com/1000029/ba5cf15623404453ac62a15a6d3eb8f5,什么软件可以监管员工的企业微信聊天记录？,2022/7/6,196
https://quan-1259287960.cos.ap-guangzhou.myqcloud.com/1000029/3f19aadfa89c4d34ac98cce774e9bfdb,企业微信怎么防止员工飞单走客，删除客户可以设置提醒吗,2022/7/5,171
https://quan-1259287960.cos.ap-guangzhou.myqcloud.com/1000029/be99cfe38238462badd5ebe8dcaa51e2,企业微信机器人怎么使用？可以设置自动回复吗？,2022/7/5,280
https://quan-1259287960.cos.ap-guangzhou.myqcloud.com/1000029/15b0f559951c429d886d4aa238148b89,企业微信客户上限是多少？如何扩容呢？,2022/7/5,249
https://quan-1259287960.cos.ap-guangzhou.myqcloud.com/1000029/5af5653d5e9640b18b8809db51d63e49,私域社群玩法都记下来了，那新用户进群如何破冰呢,2022/7/5,211
https://quan-1259287960.cos.ap-guangzhou.myqcloud.com/1000029/1a0bb335cc234da183df62ff8c79a2cc,企业怎么快速搭建私域活动、内容和运营体系？,2022/7/5,220
https://quan-1259287960.cos.ap-guangzhou.myqcloud.com/1000029/83858bb89c2748fda5e0133a1b3889ee,私域社群搭建后，如何给群内用户分层？,2022/7/4,198
https://quan-1259287960.cos.ap-guangzhou.myqcloud.com/1000029/2cefc1e0c25e41fda0b3f7e07060d791,社群搭建好之后如何设计群的愿景、权益和门槛？,2022/7/4,171
https://quan-1259287960.cos.ap-guangzhou.myqcloud.com/1000029/e84bbe9a42af4dd28d652da346f6f8e0,想做好私域流量，定位用户属性，匹配运营策略也很重要,2022/7/4,202
https://quan-1259287960.cos.ap-guangzhou.myqcloud.com/1000029/df68860387c44024b8e0bf1607efcd9d,圈量SCRM | 私域社群运营如何提高产品转化率？,2022/7/4,170
https://quan-1259287960.cos.ap-guangzhou.myqcloud.com/1000029/ac2c9486d45246ebb2ef234557e8b774,搭建高价值私域社群，只需要做好这三个要点！,2022/7/1,202
https://quan-1259287960.cos.ap-guangzhou.myqcloud.com/1000029/8457c0ee577548b5b02b1272f4a63f97,圈量科技大羊：美妆品牌要从“爆品思维”走向“长期思维”,2022/7/1,164
https://quan-1259287960.cos.ap-guangzhou.myqcloud.com/1000029/868c1c2dfa924dba84fe31edafa903bf,私域年GMV2亿 不到2年沉淀用户近1000万 热风做对了什么,2022/7/1,158
https://quan-1259287960.cos.ap-guangzhou.myqcloud.com/1000029/ee5593586542482db44e3d0a41267300,圈量SCRM助力hotwind热风布局私域， 半年撬动上亿GMV,2022/7/1,296
https://quan-1259287960.cos.ap-guangzhou.myqcloud.com/1000029/c4c215a98f5e4bf8a6e1102e06e6874d,私域流量搭建后如何低成本营销转化？看这个女装直播GMV破千万案例,2022/7/1,389
https://quan-1259287960.cos.ap-guangzhou.myqcloud.com/1000029/05a5dd4ba4e04abb94de8c7083c3c534,圈量SCRM | 电商企业做私域运营，会有哪些难题呢,2022/6/30,173
https://quan-1259287960.cos.ap-guangzhou.myqcloud.com/1000029/24858cd334f94a658ba830da9129541c,企业微信如何按照设置标签去群发，怎么达到精细化运营效果,2022/6/30,176
https://quan-1259287960.cos.ap-guangzhou.myqcloud.com/1000029/fe620f23d5f044029a815fe16ae813a3,企业如何利用微信CRM系统绘制客户画像呢？,2022/6/30,197
https://quan-1259287960.cos.ap-guangzhou.myqcloud.com/1000029/56b0aaa3b7ec4108ae94d9b56e8fd15a,企业微信CRM系统在B2B行业的应用,2022/6/30,167
https://quan-1259287960.cos.ap-guangzhou.myqcloud.com/1000029/b3d8e6f9e14c459b85d3fa71b8af380e,企业微信CRM帮助商家开启私域营销的新时代,2022/6/29,162
https://quan-1259287960.cos.ap-guangzhou.myqcloud.com/1000029/410a13662bf0410f82a476bd9a2e4ac1,企业微信SCRM系统：精细化运营社群，用数据了解客户,2022/6/29,190
https://quan-1259287960.cos.ap-guangzhou.myqcloud.com/1000029/2a1a995dff83416cb235a007486d87cc,为什么商家都选择使用企业微信作为私域流量的载体,2022/6/29,180
https://quan-1259287960.cos.ap-guangzhou.myqcloud.com/1000029/c2d4210c9d01449eba46b765c21181aa,企业微信拉新裂变难？用SCRM工具解决！,2022/6/29,228
https://quan-1259287960.cos.ap-guangzhou.myqcloud.com/1000029/e80fa0e9ca1d446c8f13fea9db25c22e,企业微信营销有哪些技巧?有什么工具可以配合使用？,2022/6/29,202
https://quan-1259287960.cos.ap-guangzhou.myqcloud.com/1000029/d34ff661ffd44653894040b1753ce2b5,企业私域流量运营的战略和运营模式有哪些？,2022/6/28,218
https://quan-1259287960.cos.ap-guangzhou.myqcloud.com/1000029/5d821dad49fc4ed6b72a6fa6f8659de1,高效的社群运营该如何搭建呢？,2022/6/28,170
https://quan-1259287960.cos.ap-guangzhou.myqcloud.com/1000029/1f4b7d1d992d496395c84672e7c6134c,企业做微信营销，会遇到哪些难题呢？,2022/6/28,218
https://quan-1259287960.cos.ap-guangzhou.myqcloud.com/1000029/a0fb8091201541e1ba0a4e91963b6dbb,怎么通过微信SCRM营销软件裂变涨粉呢？,2022/6/28,163
https://quan-1259287960.cos.ap-guangzhou.myqcloud.com/1000029/3f7221d7a8b34ee0a6407fbe11a348d5,商家使用企业微信营销，有哪些好处呢？,2022/6/27,175
https://quan-1259287960.cos.ap-guangzhou.myqcloud.com/1000029/f14d8ccfa8434299a478821fb1cda977,企业微信如何链接客户做营销？方法分享！,2022/6/27,308
https://quan-1259287960.cos.ap-guangzhou.myqcloud.com/1000029/f6b522aedaad48d99c4f2ceac157077c,搭建私域流量体系，该从哪些公域平台引流？,2022/6/27,201
https://quan-1259287960.cos.ap-guangzhou.myqcloud.com/1000029/041164c9acb44b89a943cfe9c303dbba,社群私域运营，拉新裂变太重要了！,2022/6/27,161
https://quan-1259287960.cos.ap-guangzhou.myqcloud.com/1000029/33eb0700fe554693942eebf18456ef99,圈量SCRM | 餐饮行业如何靠私域流量体系逆风翻盘,2022/6/27,174
https://quan-1259287960.cos.ap-guangzhou.myqcloud.com/1000029/1a4459306c674030a4fb1472ac714b2c,企业如何搭建私域流量运营流程框架,2022/6/24,215
https://quan-1259287960.cos.ap-guangzhou.myqcloud.com/1000029/65e19949864a47838cdaa8240769be7f,圈量SCRM | 如何搭建一个企业微信私域内容社群,2022/6/24,201
https://quan-1259287960.cos.ap-guangzhou.myqcloud.com/1000029/809ac30bac004209aeb73a982f449313,企业微信进行私域流量运营，关键指标有哪些呢,2022/6/24,189
https://quan-1259287960.cos.ap-guangzhou.myqcloud.com/1000029/c1f7566edd034f1dba72b8429fd8a606,圈量SCRM|企业为什么要做私域流量运营？,2022/6/24,174
https://quan-1259287960.cos.ap-guangzhou.myqcloud.com/1000029/0bd8732935f5404bac83b14cd5dcdf79,圈量SCRM | 品牌该怎么构建私域闭环,2022/6/23,183
https://quan-1259287960.cos.ap-guangzhou.myqcloud.com/1000029/12159855032f488c8c819c8eccb12427,圈量SCRM | 私域流量之朋友圈IP人设打造,2022/6/23,162
https://quan-1259287960.cos.ap-guangzhou.myqcloud.com/1000029/6df9cb7d1e7c4b53830a31be5a7cb3ef,圈量SCRM | 私域流量运营之朋友圈IP定位,2022/6/23,174
https://quan-1259287960.cos.ap-guangzhou.myqcloud.com/1000029/7088ad66de644e75963d9efe63e4eecf,私域流量运营有哪些万能的公式？,2022/6/23,190
https://quan-1259287960.cos.ap-guangzhou.myqcloud.com/1000029/f48c1c10938d449183c2a7274f82d9de,餐饮门店私域流量体系如何拉新？,2022/6/23,181
https://quan-1259287960.cos.ap-guangzhou.myqcloud.com/1000029/0109ab519bec41ef9a40a69738217ecb,做私域流量运营前，企业必须想清楚这4件事.,2022/6/22,185
https://quan-1259287960.cos.ap-guangzhou.myqcloud.com/1000029/6eff6dee0920485e84a6e98bb5c6bc23,私域社群运营怎么做好转化？,2022/6/22,223
https://quan-1259287960.cos.ap-guangzhou.myqcloud.com/1000029/2e4e757d49c14e19953e4ca8c63115ae,未来，会有越来越多的的To Ｂ企业做私域流量，为什么？,2022/6/22,176
https://quan-1259287960.cos.ap-guangzhou.myqcloud.com/1000029/46c06bed7f2b4002bdec7c92986598b1,企业微信如何设置加好友不需要验证，自动通过？,2022/6/22,274
https://quan-1259287960.cos.ap-guangzhou.myqcloud.com/1000029/4c209f2460e240de916323a378e4fc18,圈量SCRM | 企业微信如何查看视频号消息？,2022/6/21,235
https://quan-1259287960.cos.ap-guangzhou.myqcloud.com/1000029/fa3a8b3d61a741a9bc1a3596e587ea89,微信SCRM软件该具备哪些能力，企业该如何选择？,2022/6/21,237
https://quan-1259287960.cos.ap-guangzhou.myqcloud.com/1000029/6e085e1185f94497a9c6f3a0173f7a5a,四个步骤，从0到1解决社群裂变营销难点,2022/6/21,253
https://quan-1259287960.cos.ap-guangzhou.myqcloud.com/1000029/fa591b1f3769403483fe3392863b63ca,圈量SCRM | 企业如何如何低成本且高效建立私域流量池,2022/6/21,200
https://quan-1259287960.cos.ap-guangzhou.myqcloud.com/1000029/40418733dd134aa6ac08063a486cafe2,七个要点，详解讲解如何成功运营私域流量,2022/6/21,218
https://quan-1259287960.cos.ap-guangzhou.myqcloud.com/1000029/663a6d4568834cd7a95d8ac010a3a572,圈量SCRM | 企业微信营销怎么做才有效？,2022/6/20,206
https://quan-1259287960.cos.ap-guangzhou.myqcloud.com/1000029/46dbf8e3fd7e4ee587012d070f143ca2,企业微信营销后，如何有效触达潜在客户?,2022/6/20,181
https://quan-1259287960.cos.ap-guangzhou.myqcloud.com/1000029/28d53612e59d4f77b9c23884e229ba70,企业微信私域社群活跃度低？转化低？一文教你弄懂社群运营,2022/6/20,163
https://quan-1259287960.cos.ap-guangzhou.myqcloud.com/1000029/108633d21fe8450db801b1eb053eb571,圈量SCRM | 企业微信打通视频号，对私域营销有哪些好处,2022/6/20,181
https://quan-1259287960.cos.ap-guangzhou.myqcloud.com/1000029/31d02fad639d47b7b36487c88b03ba69,圈量SCRM | 企业微信怎么营销拓客？,2022/6/20,227
https://quan-1259287960.cos.ap-guangzhou.myqcloud.com/1000029/21763b40c624480199c6b4f505fa79ab,圈量SCRM | 美妆私域流量怎么搭建？案例拆解！,2022/6/20,209
https://quan-1259287960.cos.ap-guangzhou.myqcloud.com/1000029/ad630c8253844803b7855eef96ee4b34,圈量SCRM | 没有品牌基础，入局私域流量还有机会吗？,2022/6/20,206
https://quan-1259287960.cos.ap-guangzhou.myqcloud.com/1000029/634f70d835484d138abd8b53ca6b96de,圈量SCRM｜电商私域流量的运营五步法则,2022/6/16,204
https://quan-1259287960.cos.ap-guangzhou.myqcloud.com/1000029/bea569882fce4893b9618b6d494a9992,圈量SCRM｜搭建私域高价值社群，只需要做好这三个要点！,2022/6/16,256
https://quan-1259287960.cos.ap-guangzhou.myqcloud.com/1000029/c862ddb6024e4bd182e17a1aaaf0fc42,圈量SCRM | 教培行业机构做好私域流量运营？,2022/6/16,202
https://quan-1259287960.cos.ap-guangzhou.myqcloud.com/1000029/5ef0e31a1b384530a2c63b88fe79d587,圈量SCRM｜如何抓住私域流量运营核心做好私域呢？,2022/6/16,178
https://quan-1259287960.cos.ap-guangzhou.myqcloud.com/1000029/247a0838caea438381502b824dd16a92,2022新趋势・新电商・新增长：圈量科技荣获“年度最佳电商服务机构奖”,2022/6/16,199
https://quan-1259287960.cos.ap-guangzhou.myqcloud.com/1000029/88f7c1937c4a40af948e36393f9a3dc8,30万用户互联网家政平台，通过企业微信SCRM解决留客招聘问题！,2022/6/16,431
https://quan-1259287960.cos.ap-guangzhou.myqcloud.com/1000029/1cce269125004627b1ee461a31330b1a,企业微信SCRM软件能给企业带来哪些便利,2022/6/15,277
https://quan-1259287960.cos.ap-guangzhou.myqcloud.com/1000029/0873725cdce0429d9c818bf166185098,企业微信SCRM平台的应用，对企业的发展是有利的,2022/6/15,198
https://quan-1259287960.cos.ap-guangzhou.myqcloud.com/1000029/4f324d5a6fe14ca69c1a12936e09e752,企业微信SCRM系统如何应对新营销的困境,2022/6/15,225
https://quan-1259287960.cos.ap-guangzhou.myqcloud.com/1000029/26e4ff33be274965a05e12eff4c53c4c,企业微信SCRM系统对电商行业私域运营有哪些帮助,2022/6/15,163
https://quan-1259287960.cos.ap-guangzhou.myqcloud.com/1000029/1ed904a6f6724a37be16fc910b72a392,企业微信SCRM是如何帮助私域运营管理的,2022/6/15,218
https://quan-1259287960.cos.ap-guangzhou.myqcloud.com/1000029/cb98c072cfce48aeabf4bee357772737,圈量SCRM | 企业该如何高效运营微信私域流量,2022/6/14,191
https://quan-1259287960.cos.ap-guangzhou.myqcloud.com/1000029/579e5216b08c40c0ace0f6a812c51931,圈量SCRM｜私域运营如何搭建精细化标签体系？,2022/6/14,216
https://quan-1259287960.cos.ap-guangzhou.myqcloud.com/1000029/883f4dcd94ce419d8d909883654abb09,什么样的企业微信SCRM系统可以助力企业营销数字化,2022/6/14,204
https://quan-1259287960.cos.ap-guangzhou.myqcloud.com/1000029/6c03c988ae2144519f053d8222bb1479,企业微信营销玩法有哪些？如何利用SCRM工具辅助？,2022/6/13,209
https://quan-1259287960.cos.ap-guangzhou.myqcloud.com/1000029/9459b46018c444f2b70155f85f6a5845,私域流量大趋势下，如何企业微信SCRM助力私域精细化运营,2022/6/13,196
https://quan-1259287960.cos.ap-guangzhou.myqcloud.com/1000029/d113fbb78cbb4e9f8997781193513816,企业微信营销拓客，有哪些办法？,2022/6/13,379
https://quan-1259287960.cos.ap-guangzhou.myqcloud.com/1000029/f4e94435fc954f44b689f03860b4ca60,新手如何利用微信SCRM系统运营企业微信社群,2022/6/13,165
https://quan-1259287960.cos.ap-guangzhou.myqcloud.com/1000029/26c9c1653baa48df9b7a000690ed76a7,企业微信营销工具该具备哪几个功能呢？,2022/6/13,179
https://quan-1259287960.cos.ap-guangzhou.myqcloud.com/1000029/4e092e7ec2384eceb5f721f7c8823338,品牌在初期该如何布局企业微信生态，玩转私域运营？,2022/6/10,268
https://quan-1259287960.cos.ap-guangzhou.myqcloud.com/1000029/6e1f713b996b4f65bb2a0267e37f0fff,企业微信怎么利用群活码做私域社群营销裂变？,2022/6/10,228
https://quan-1259287960.cos.ap-guangzhou.myqcloud.com/1000029/37ebce6389a9486eb30de7d06dbec9c1,私域社群运营如何精细化 ――企业微信SCRM工具,2022/6/10,175
https://quan-1259287960.cos.ap-guangzhou.myqcloud.com/1000029/7bfbf93b3be64321b7f563328ca698a9,企业如何基于微信SCRM去搭建私域增长运营体系,2022/6/9,192
https://quan-1259287960.cos.ap-guangzhou.myqcloud.com/1000029/929e249d6e2d4c0f96caa144e1d5651d,怎样做好企业微信营销？应该从哪些方面去突破？,2022/6/9,217
https://quan-1259287960.cos.ap-guangzhou.myqcloud.com/1000029/454a66cdfbe94a03b349ca6c06b49eca,企业微信私域SCRM系统是如何帮助商家提升客户关系的,2022/6/9,191
https://quan-1259287960.cos.ap-guangzhou.myqcloud.com/1000029/55a853f70f5245e58bc8cc16d1472549,私域流量运营到底需不需要企业微信SCRM系统,2022/6/9,257
https://quan-1259287960.cos.ap-guangzhou.myqcloud.com/1000029/f4b6c2a8272d48f482a0c0bdfa5ac643,企业微信SCRM系统是如何为商家创造客户价值？,2022/6/9,326
https://quan-1259287960.cos.ap-guangzhou.myqcloud.com/1000029/68ea315e485d458cbd3196fca53e7042,企业微信营销该从哪方面入手?客户管理软件有用吗？,2022/6/8,243
https://quan-1259287960.cos.ap-guangzhou.myqcloud.com/1000029/42db1b6968ca4d55928d7122a51565a4,企业微信SCRM系统可以帮助新零售行业运营私域流量吗？,2022/6/8,184
https://quan-1259287960.cos.ap-guangzhou.myqcloud.com/1000029/712af841357c4bc2ab171c135fa16611,私域流量运营能帮助企业解决什么问题？,2022/6/8,268
https://quan-1259287960.cos.ap-guangzhou.myqcloud.com/1000029/a2e13df33e254d388af3a1c8213029f0,私域流量如何实现60%以上的转化率和复购率？实现客户驱动的公司增长,2022/6/8,220
https://quan-1259287960.cos.ap-guangzhou.myqcloud.com/1000029/6f9814d2067a4efc93671fa1aa1bd0a0,电商行业如何做私域流量运营,2022/6/8,244
https://quan-1259287960.cos.ap-guangzhou.myqcloud.com/1000029/f8f2d6568c7e452e84de74f584ebc9c7,电商私域流量营销技巧（电商私域流量怎么运营）,2022/6/7,227
https://quan-1259287960.cos.ap-guangzhou.myqcloud.com/1000029/4d31d69860e94961b57927be61599714,什么样的企微SCRM可以提高销售转化率,2022/6/7,221
https://quan-1259287960.cos.ap-guangzhou.myqcloud.com/1000029/dba348070e094ffaaa6dd313f3b3fc79,销售使用企业微信SCRM管理系统有什么好处,2022/6/7,190
https://quan-1259287960.cos.ap-guangzhou.myqcloud.com/1000029/c4372efd33fd481f8644c429949a1d25,如何布局私域社群营销?做好这两点就够了,2022/6/7,272
https://quan-1259287960.cos.ap-guangzhou.myqcloud.com/1000029/402b490cfb694f4380f63c268cf065a1,私域流量驱动增长，企业微信营销对策揭秘,2022/6/7,196
https://quan-1259287960.cos.ap-guangzhou.myqcloud.com/1000029/e14743150f9b45d79f777d2e8b02192d,企业微信社群营销玩法有哪些？配合工具怎么做效果才好？,2022/6/6,260
https://quan-1259287960.cos.ap-guangzhou.myqcloud.com/1000029/8f0ae126f3364340b78615fd24f4e680,企微SCRM的设计理念是什么?和CRM有什么不同？,2022/6/6,185
https://quan-1259287960.cos.ap-guangzhou.myqcloud.com/1000029/a24149292cac45d58fdb60ad9eada8ab,对企业营销来说，企业微信+SCRM的意义是什么？,2022/6/6,207
https://quan-1259287960.cos.ap-guangzhou.myqcloud.com/1000029/cadccd7f334b4e8ab9927006a221d765,私域流量发展的困境与突破（如何借助营销突破增长困境）,2022/6/6,274
https://quan-1259287960.cos.ap-guangzhou.myqcloud.com/1000029/652b95b671d74d85acba748945d27c09,营销渠道的“快捷方式”――私域流量SCRM系统,2022/6/6,228
https://quan-1259287960.cos.ap-guangzhou.myqcloud.com/1000029/37d8dead8e0549d6b8358a8c5b809da4,私域流量运营是每个企业都必须要做的吗,2022/6/2,225
https://quan-1259287960.cos.ap-guangzhou.myqcloud.com/1000029/f8317fe6baa4424f88661593a6f17a68,私域流量营销渐成品牌运营第一选择，那么企业该怎么做呢？,2022/6/2,261
https://quan-1259287960.cos.ap-guangzhou.myqcloud.com/1000029/355e060aa3844162bd70fe899da1d6a1,企业如何高效获取私域流量（用企业微信怎么做私域流量）,2022/6/2,274
https://quan-1259287960.cos.ap-guangzhou.myqcloud.com/1000029/d4e6856c1c964d6fa1ab6f0fe7fb9543,用企业微信如何做私域运营？(企业微信下的私域营销策略),2022/6/2,260
https://quan-1259287960.cos.ap-guangzhou.myqcloud.com/1000029/a393cc2d850b4a57bea2e41e0913d138,如何用企业微信管理客户？(企业微信管理客户方法),2022/6/2,222
https://quan-1259287960.cos.ap-guangzhou.myqcloud.com/1000029/f7924182252c4b78a5a54a148588ab83,企业微信SCRM数据化营销工具能帮助商家解决什么困扰,2022/6/1,174
https://quan-1259287960.cos.ap-guangzhou.myqcloud.com/1000029/bf0edcb89f024956affe7ca1a9167c69,5个小技巧，让私域SCRM系统用起来更顺手,2022/6/1,252
https://quan-1259287960.cos.ap-guangzhou.myqcloud.com/1000029/2df3a60f41a74ca098e0e27eaf266d9c,企业微信营销SCRM系统是什么意思？有哪些作用？,2022/6/1,245
https://quan-1259287960.cos.ap-guangzhou.myqcloud.com/1000029/e6bdfea301984e55b19de81c5b73fc1d,企业微信群发消息怎么发呢？群发助手怎么用？,2022/6/1,293
https://quan-1259287960.cos.ap-guangzhou.myqcloud.com/1000029/91f09b1f7fe844ad8db0f8d53ac47f19,企业微信可以加多少客户？最多支持多少人,2022/5/31,322
https://quan-1259287960.cos.ap-guangzhou.myqcloud.com/1000029/0ff41a7e3b2f4762a0e91146e2c33a70,实体门店私域运营有哪些引流渠道和方式呢？,2022/5/31,212
https://quan-1259287960.cos.ap-guangzhou.myqcloud.com/1000029/c0eec5b0b35b4b2bb59dc45708d1d0f6,实体门店如何建立自己的私域流量?有哪些运营模式?,2022/5/31,234
https://quan-1259287960.cos.ap-guangzhou.myqcloud.com/1000029/06946c5f28e542c2948632ebe02e24de,2000字，解决实体门店搭建私域流量过程中会遇到的问题,2022/5/31,294
https://quan-1259287960.cos.ap-guangzhou.myqcloud.com/1000029/6b8596a834434ab69cf71d18aa982644,怎么把客户从公域流量转化为私域流量？,2022/5/31,256
https://quan-1259287960.cos.ap-guangzhou.myqcloud.com/1000029/18bfa57d29804867a5e9ceef740fb1be,保险行业转战私域主战场 新一代SCRM助力企业私域流量建设,2022/5/31,281
https://quan-1259287960.cos.ap-guangzhou.myqcloud.com/1000029/53fc7258dc354a69801921e56865eeed,电商私域引流：如何利用SCRM沉淀真正有价值的企微私域流量？,2022/5/31,241
https://quan-1259287960.cos.ap-guangzhou.myqcloud.com/1000029/934615cec70b42ca9271466b170019f5,【私域案例】职教行业如何玩转私域流量营销？,2022/5/31,238
https://quan-1259287960.cos.ap-guangzhou.myqcloud.com/1000029/b14d2cca5da04eb3883f8a234d887571,K12在线教育行业的微信生态提效工具――企业微信SCRM系统,2022/5/30,314
https://quan-1259287960.cos.ap-guangzhou.myqcloud.com/1000029/ce31f568c41541bdb2b61109627eb924,疫情之下，美妆实体门店如何通过私域scrm系统实现逆袭增长？,2022/5/30,328
https://quan-1259287960.cos.ap-guangzhou.myqcloud.com/1000029/8e9ef948e2cf422eb40bb8c411225158,连锁门店如何利用企业微信SCRM进行私域流量运营,2022/5/30,233
https://quan-1259287960.cos.ap-guangzhou.myqcloud.com/1000029/c22785b136a540fb9687490e2b55061e,企业微信管理系统「圈量SCRM」这个五大功能助力企业高效成长,2022/5/30,310
https://quan-1259287960.cos.ap-guangzhou.myqcloud.com/1000029/aef84617f1a94297bb46559cb46bda61,企业微信SCRM工具的好处有哪些？,2022/5/30,199
https://quan-1259287960.cos.ap-guangzhou.myqcloud.com/1000029/e6194478a4e2485b9225b37903766fe2,实体门店如何用SCRM布局微信生态，玩转私域运营？,2022/5/30,460
https://quan-1259287960.cos.ap-guangzhou.myqcloud.com/1000029/a5dd8d97b527432c8f6dd1a044963afc,金融理财行业通过私域scrm系统，提升私域用户活跃度和复购,2022/5/30,193
https://quan-1259287960.cos.ap-guangzhou.myqcloud.com/1000029/d16650cfcacf4ddebc1c5e67ec7438c7,企业微信SCRM系统助力保险行业私域运营，打造数据治理闭环,2022/5/30,275
https://quan-1259287960.cos.ap-guangzhou.myqcloud.com/1000029/29a64705e625453caff79143bef0df24,银行、保险、券商私域流量增长密码――企业微信SCRM系统,2022/5/30,195
https://quan-1259287960.cos.ap-guangzhou.myqcloud.com/1000029/f6e18685cacf4609906bb456eba44268,使用企业微信SCRM「群积分」功能玩私域社群营销,2022/5/25,335
https://quan-1259287960.cos.ap-guangzhou.myqcloud.com/1000029/1155b36aa860443cb0402e475f291942,圈量SCRM｜ 实体门店私域运营如何留住客户？,2022/5/25,238
https://quan-1259287960.cos.ap-guangzhou.myqcloud.com/1000029/66b1646455644fad95debe906cec5cd1,圈量SCRM｜ 企业微信私域运营中的内容应该有哪些模块？,2022/5/25,209
https://quan-1259287960.cos.ap-guangzhou.myqcloud.com/1000029/b1812c9ca68645f4920fb4cae0a1b93b,围绕社群生命周期、社群活跃度谈私域运营方法,2022/5/24,368
https://quan-1259287960.cos.ap-guangzhou.myqcloud.com/1000029/dc2d0e0b09a4487da776c29a330ef37a,从公域引流到私域变现，哪些运营策略是重点？,2022/5/24,324
https://quan-1259287960.cos.ap-guangzhou.myqcloud.com/1000029/7c01ec57f22a46cd848c3e6b66431f54,企业微信裂变工具有哪些？圈量SCRM营销活动功能怎么用？,2022/5/24,379
https://quan-1259287960.cos.ap-guangzhou.myqcloud.com/1000029/702be915134349ebba134cecf1c921d2,从企业私域社群出发，聊聊积分和会员制的必要性,2022/5/24,240
https://quan-1259287960.cos.ap-guangzhou.myqcloud.com/1000029/942f5ea88aba480fb622cb00f5cc8c70,探讨用企业微信SCRM打造个性化私域社群的必要性,2022/5/23,278
https://quan-1259287960.cos.ap-guangzhou.myqcloud.com/1000029/51fd50687bf44339880434750f5d36cb,用企业微信做「私域流量运营」必须得思考的几个核心观点,2022/5/23,350
https://quan-1259287960.cos.ap-guangzhou.myqcloud.com/1000029/a3024e820b2f49cbb9a21cf1882fc3b5,圈量SCRM｜私域流量之社群运营变现的七个关键技巧,2022/5/23,234
https://quan-1259287960.cos.ap-guangzhou.myqcloud.com/1000029/ba173e94366640baa249276053048c6a,如何利用企业微信SCRM进行私域引流获客及运营？,2022/5/23,275
https://quan-1259287960.cos.ap-guangzhou.myqcloud.com/1000029/30c647852b0841d582014392e9eb066c,企业微信SCRM――精准再营销快速入门,2022/5/23,198
https://quan-1259287960.cos.ap-guangzhou.myqcloud.com/1000029/83f18155dc864683906f0c9c38bf1b25,私域从0到1搭建后，如何利用企业微信SCRM实现效益最大化,2022/5/20,190
https://quan-1259287960.cos.ap-guangzhou.myqcloud.com/1000029/bd52e1ceb40144c0a68668f2a4ced480,企业微信永久有效二维码怎样生成？,2022/5/20,276
https://quan-1259287960.cos.ap-guangzhou.myqcloud.com/1000029/54e25eac2f144be39351c7f8491f9d65,企业微信如何跟踪意向客户?怎么利用SCRM判断客户意向,2022/5/20,233
https://quan-1259287960.cos.ap-guangzhou.myqcloud.com/1000029/102950d9a5a64e20a24b05ceff76f9ed,瑞幸同款SCRM「门店活码」功能重磅上线，90天引流180W私域用户,2022/5/20,292
https://quan-1259287960.cos.ap-guangzhou.myqcloud.com/1000029/4fd17d132b80429ea14e4d4803bbace8,私域用户裂变，圈量SCRM推荐这2种企业微信营销玩法！,2022/5/19,382
https://quan-1259287960.cos.ap-guangzhou.myqcloud.com/1000029/8e9d7e18fa7f481698b8ba1e7c37eab2,企业如何打造私域流量池?关键步骤有哪些?,2022/5/19,289
https://quan-1259287960.cos.ap-guangzhou.myqcloud.com/1000029/eb54bca61dda4707802b1844f181f37d,私域案例 | 餐饮行业如何做私域流量，引流方式有哪些？,2022/5/19,382
https://quan-1259287960.cos.ap-guangzhou.myqcloud.com/1000029/b45f1e43c49043a3b0822153252be021,企业微信营销结合SCRM工具，私域流量营销效果最大化,2022/5/19,212
https://quan-1259287960.cos.ap-guangzhou.myqcloud.com/1000029/6df527cbf60e4ea0ad983c48d5badd88,对企业来说，使用微信SCRM系统管理私域流量的意义是什么？,2022/5/19,242
https://quan-1259287960.cos.ap-guangzhou.myqcloud.com/1000029/1e7e52d1d85a434ab0ef63cf723596df,微信SCRM客户关系管理系统该具备哪些核心能力,2022/5/18,223
https://quan-1259287960.cos.ap-guangzhou.myqcloud.com/1000029/e67a2a1df4374d24a866d9a81206cbc0,如何通过企业微信营销内容，培育私域客户,2022/5/18,235
https://quan-1259287960.cos.ap-guangzhou.myqcloud.com/1000029/0b8e239a204f4bd59d5813714fc75ba6,微信CRM系统对客户管理有什么好处？,2022/5/18,246
https://quan-1259287960.cos.ap-guangzhou.myqcloud.com/1000029/381f2311be44491a97152d5ef54d7b71,私域流量和营销裂变收获长效增长，企业该如何应对呢？,2022/5/18,249
https://quan-1259287960.cos.ap-guangzhou.myqcloud.com/1000029/1f779867b87d4d90a45e04a1397e289d,通过企业微信CRM客户管理系统改善业务的4种方式,2022/5/18,176
https://quan-1259287960.cos.ap-guangzhou.myqcloud.com/1000029/0695c7f30c4443ec86d64badd18e0445,私域案例 | 在线教育行业通过企微SCRM做好社群SOP运营,2022/5/18,358
https://quan-1259287960.cos.ap-guangzhou.myqcloud.com/1000029/e0c2554776ef4d61b28f9ee1488bf89b,私域案例 | 通过企业微信SCRM营销系统，完成百万私域用户引流,2022/5/17,260
https://quan-1259287960.cos.ap-guangzhou.myqcloud.com/1000029/b893fcbd60284b2580df7223f6152b85,私域流量内容运营，必须要做的4项准备,2022/5/17,348
https://quan-1259287960.cos.ap-guangzhou.myqcloud.com/1000029/267eb0476c854a259d89198aa27cf553,餐饮行业做社群私域流量运营，有哪些方案?,2022/5/17,319
https://quan-1259287960.cos.ap-guangzhou.myqcloud.com/1000029/2a2bcf58e2464ae6a158c866a51f64e9,B2B行业，私域社群拉新的方式有哪些,2022/5/17,312
https://quan-1259287960.cos.ap-guangzhou.myqcloud.com/1000029/ffb447a4f09e4ef1a2df006b8c3d74f0,教育行业如何运用企业微信营销管理系统做私域流量管理？,2022/5/17,229
https://quan-1259287960.cos.ap-guangzhou.myqcloud.com/1000029/fb3286bf5d76486c94d1a09ca01e2b8a,CRM系统与企业微信SCRM的区别表现在哪些方面？,2022/5/16,219
https://quan-1259287960.cos.ap-guangzhou.myqcloud.com/1000029/4ffe16adf8c04d8593dcc2d9400cdb59,「小程序+企业微信SCRM」能给美妆行业私域流量带来怎样的叠加效应,2022/5/16,311
https://quan-1259287960.cos.ap-guangzhou.myqcloud.com/1000029/9380ef0f98e7480ca49f1f85780f95a4,如何利用企微SCRM软件对客户关系进行管理？,2022/5/16,207
https://quan-1259287960.cos.ap-guangzhou.myqcloud.com/1000029/ff73e79344614ffa94e1218e467f979b,企业微信营销怎么做?私域流量如何引流裂变?,2022/5/16,237
https://quan-1259287960.cos.ap-guangzhou.myqcloud.com/1000029/c82967c020dd4758be7ae3b63a8fc9b4,企业微信SCRM：如何高效执行私域社群运营SOP?,2022/5/12,568
https://quan-1259287960.cos.ap-guangzhou.myqcloud.com/1000029/b80382116fa14d07a8ebd00d7729429f,「折叠群聊」之后，可以用企微SCRM解决私域流量运营难题吗？,2022/5/12,429
https://quan-1259287960.cos.ap-guangzhou.myqcloud.com/1000029/b56d99861be54d89a5f7a0940467d6a5,怎么用企微scrm系统做服装电商品牌的私域流量运营？,2022/5/12,527
https://quan-1259287960.cos.ap-guangzhou.myqcloud.com/1000029/973d66f7d6854482813af179cef5260c,客户群该如何管理？怎么用企业微信scrm系统对私域进行营销？,2022/5/12,519
https://quan-1259287960.cos.ap-guangzhou.myqcloud.com/1000029/1d1802abdc324742b487e51a4b7a89ac,电商行业如何构建私域流量运营能力？企业微信SCRM撬动品牌新增长,2022/5/12,462
https://quan-1259287960.cos.ap-guangzhou.myqcloud.com/1000029/1e3bf7c9981d4fde8e077e8c2ee5ba49,作为私域流量工具的企业微信scrm，是如何快速实现裂变获客？,2022/5/12,366
https://quan-1259287960.cos.ap-guangzhou.myqcloud.com/1000029/3fa3aa808888470a9626731790467063,如何提高内部办公效率？企业微信+SCRM系统可以进行客户管理吗？,2022/5/12,321
https://quan-1259287960.cos.ap-guangzhou.myqcloud.com/1000029/69694c0c28774e6fb7ee9ba04e89582f,「引流实战指南」有温度的私域流量营销推广互动话术,2022/5/12,249
https://quan-1259287960.cos.ap-guangzhou.myqcloud.com/1000029/b8e58ba11d7e4ef3bbfbbf020fa1fe3f,怎么给私域客户分层？如何用企微SCRM精细化运营管理？,2022/5/12,481
https://quan-1259287960.cos.ap-guangzhou.myqcloud.com/1000029/3420fc991b744b308a357859f0ac4df6,私域平台社群最佳的运营状态是怎样的？用企微SCRM玩转流量增长,2022/5/12,454
https://quan-1259287960.cos.ap-guangzhou.myqcloud.com/1000029/f6ec0184bd894b61823484e4ead05f68,电商平台赚千亿的李佳琦薇娅，为什么还在做私域流量？,2022/5/12,812
https://quan-1259287960.cos.ap-guangzhou.myqcloud.com/1000029/7653d4d5ad5e4041987048bd05772313,私域流量的核心能力是什么？如何获得私域流量？,2022/5/12,823
https://quan-1259287960.cos.ap-guangzhou.myqcloud.com/1000029/f19ff521a475436599f66072ab0f9849,圈量AI外呼引流运营“多面手”，用它触达效率提升300%！,2022/5/12,527
https://quan-1259287960.cos.ap-guangzhou.myqcloud.com/1000029/b32ca7f2d5e944708f8eb861bd3326aa,企微SCRM：品牌做私域流量，有哪些关键的着力点？,2022/5/12,423
https://quan-1259287960.cos.ap-guangzhou.myqcloud.com/1000029/ac2ae5482bd54521b68172eeb02843fc,「企微+圈量SCRM系统」――私域流量营销正确打法,2022/5/12,422
https://quan-1259287960.cos.ap-guangzhou.myqcloud.com/1000029/7abb78e9bb0441d3925563d4ffeb3980,企业微信+SCRM案例拆解 | 快餐巨头3亿私域流量的增长策略,2022/5/12,362
https://quan-1259287960.cos.ap-guangzhou.myqcloud.com/1000029/21300a56172b474d9d31be927da9d454,圈量SCRM：企业微信营销怎么做？哪个工具可以做私域流量管理？,2022/5/12,427
https://quan-1259287960.cos.ap-guangzhou.myqcloud.com/1000029/5d1bf82419b1414c80eb433dc73d55c7,教育行业怎么做私域运营管理？企业微信SCRM圈量提供方法和技巧！,2022/5/12,364
https://quan-1259287960.cos.ap-guangzhou.myqcloud.com/1000029/0303df761ad0445db868ce9b5c145bb4,个人微信跟企业微信有什么不同点?企业微信营销具体有哪些方面?,2022/5/10,359
https://quan-1259287960.cos.ap-guangzhou.myqcloud.com/1000029/587f496cac9546c9b11ea168fc29054c,使用企业微信营销有哪些的优势?SCRM营销工具有哪些功能？,2022/5/10,239
https://quan-1259287960.cos.ap-guangzhou.myqcloud.com/1000029/126166f652314380a42a5ee71198a8c6,如何利用微信互动营销工具与企业公众号进行双向互动？,2022/5/10,300
https://quan-1259287960.cos.ap-guangzhou.myqcloud.com/1000029/bdca75d61f844f9e82649f8a3cb5b3a7,scrm管理系统是什么意思?有什么作用?,2022/5/10,296
https://quan-1259287960.cos.ap-guangzhou.myqcloud.com/1000029/e10e17676dfe4b15acfde1dfffd83866,企业如何构建自己的私域流量营销体系,2022/5/10,258
https://quan-1259287960.cos.ap-guangzhou.myqcloud.com/1000029/e4232a2c34674f9c9c7ad1a1793872de,3个企业微信朋友圈营销文案技巧，让朋友圈促活转化!,2022/5/9,388
https://quan-1259287960.cos.ap-guangzhou.myqcloud.com/1000029/27c64674aceb4bc59437f76013e2b4a0,企业微信营销工具有哪些？圈量SCRM有什么功能?,2022/5/9,274
https://quan-1259287960.cos.ap-guangzhou.myqcloud.com/1000029/52f5ae7a68bd4fe9a6c5655054485294,工业品采购平台利用企业微信SCRM实现精准营销闭环和客户增长,2022/5/7,424
https://quan-1259287960.cos.ap-guangzhou.myqcloud.com/1000029/77443e903d9644f6b36796d1d42f8f62,如何构建完整的运营策略，抓住微信私域流量,2022/5/7,227
https://quan-1259287960.cos.ap-guangzhou.myqcloud.com/1000029/bd4461a5095f45358b67ac99289ec5c5,电商行业怎么使用企业微信SCRM运营私域流量?,2022/5/7,229
https://quan-1259287960.cos.ap-guangzhou.myqcloud.com/1000029/0b9fdef279414c9bb8344e7e1e5554ba,scrm管理系统是什么意思?特点是什么?,2022/5/6,202
https://quan-1259287960.cos.ap-guangzhou.myqcloud.com/1000029/1a095bf65aa341beb48660a0bdb00064,企业微信scrm如何做营销?可以让员工高效办公吗?,2022/5/6,285
https://quan-1259287960.cos.ap-guangzhou.myqcloud.com/1000029/cb650ae0062f42f184fa19cc28f782b1,企业微信营销具体有哪些方面?试试跟企业微信打通的CRM！,2022/5/6,304
https://quan-1259287960.cos.ap-guangzhou.myqcloud.com/1000029/20a0a8186c8145e4ae52277498465bbd,社交媒体营销引流后，如何用SCRM改善客户管理？包括哪些内容？,2022/5/6,210
https://quan-1259287960.cos.ap-guangzhou.myqcloud.com/1000029/d76b0f4791964654817638f204f32f67,如何进行有效的客户关系管理？scrm是什么意思?,2022/5/6,208
https://quan-1259287960.cos.ap-guangzhou.myqcloud.com/1000029/b256c0ce892144f7b8641e1c730426a1,企微私域SCRM系统的优势――用户与品牌互利的角度,2022/4/28,398
https://quan-1259287960.cos.ap-guangzhou.myqcloud.com/1000029/d5e9b38ff268406db44ef548a4e798f8,微信社群营销工具哪个好？哪个企业微信SCRM可以做群裂变？,2022/4/28,288
https://quan-1259287960.cos.ap-guangzhou.myqcloud.com/1000029/382ac1b94e6844e2be6f83470dc9cabf,企业微信做私域运营有哪些营销模式和策略？,2022/4/28,202
https://quan-1259287960.cos.ap-guangzhou.myqcloud.com/1000029/2ba49f2f9546479ebe4099af0efac49c,企业微信能做营销吗？与SCRM系统对接后怎么做私域运营？,2022/4/28,209
https://quan-1259287960.cos.ap-guangzhou.myqcloud.com/1000029/f89bba6481be4ec4ba999576e5378dbe,教培机构如何借助微信快速搭建私域流量？应该用教育版还是企业版？,2022/4/26,375
https://quan-1259287960.cos.ap-guangzhou.myqcloud.com/1000029/e6dae6bf193e4b9bb94e67d219057a50,普通微信和企业微信有何区别？哪些行业适合用企微营销？,2022/4/26,252
https://quan-1259287960.cos.ap-guangzhou.myqcloud.com/1000029/7a810bc32688488597fabf7fadba01fb,"什么是私域流量？私域流量转化有哪些方法,具体怎么实现？看这里！",2022/4/26,251
https://quan-1259287960.cos.ap-guangzhou.myqcloud.com/1000029/73f523b9d506438389c5b006d5b677e3,企业私域流量和裂变营销怎么做？用微信SCRM有哪些需要注意的？,2022/4/26,416
https://quan-1259287960.cos.ap-guangzhou.myqcloud.com/1000029/87348cb2905d4f0594950eae24946101,企业scrm圈量重磅功能RFM标签（用户分层）讲解！,2022/4/15,515
https://quan-1259287960.cos.ap-guangzhou.myqcloud.com/1000029/25c5f10c3c4e43dabd326d4b89aa9238,圈量SCRM ｜九大亮点赋能企业私域建设,2021/12/9,1843
https://quan-1259287960.cos.ap-guangzhou.myqcloud.com/1000029/f17f7e452fa740d59e155903566eff7a,618大战，看电商人如何在私域增长路上“杀”出重围,2021/12/9,729
https://quan-1259287960.cos.ap-guangzhou.myqcloud.com/1000029/9a36336fe4c3495ea4a6620a33c01898,私域流量是什么？私域流量运营玩法有哪些呢？,2021/9/27,1123
https://quan-1259287960.cos.ap-guangzhou.myqcloud.com/1000029/80a53e82187a46dfa2e5e2817af5198c,企业微信和个人微信朋友圈的区别有哪些？,2021/9/27,929
https://quan-1259287960.cos.ap-guangzhou.myqcloud.com/1000029/cbc8f6a9195f46e8bedba0eb17c94221,私域流量是什么？企业该如何搭建私域流量？,2021/9/27,906
https://quan-1259287960.cos.ap-guangzhou.myqcloud.com/1000029/b87f4f3a96a44c16b8eaf14a53d15b70,企业微信聊天记录保存在哪个文件夹？如何导出？,2021/9/27,771
https://quan-1259287960.cos.ap-guangzhou.myqcloud.com/1000029/9b0a5fc114794a138894071cdceada9c,社群运营的核心要素有哪些呢？,2021/9/27,712
https://quan-1259287960.cos.ap-guangzhou.myqcloud.com/1000029/a8e2976503bb4b17941d7f1f6e691c20,为什么微信总收到企业微信邀请？如何关闭邀请呢？,2021/9/26,610
https://quan-1259287960.cos.ap-guangzhou.myqcloud.com/1000029/65eba4ab256a4f8da16de5b8415f5317,使用企业微信收费吗？每年都需要收费吗？,2021/9/26,562
https://quan-1259287960.cos.ap-guangzhou.myqcloud.com/1000029/b0bf13fde11d41b492189458aeeea624,企业微信朋友圈一天可以发多少条？该怎么发呢？,2021/9/25,699
https://quan-1259287960.cos.ap-guangzhou.myqcloud.com/1000029/449fad3f230f4f27b4c8c025459c58cd,私域流量运营：该如何更好的留存客户呢？,2021/9/25,962
https://quan-1259287960.cos.ap-guangzhou.myqcloud.com/1000029/16aee1eadb59495e844aa6b818423d9c,企业微信消息已读功能该怎么设置？,2021/9/24,567
https://quan-1259287960.cos.ap-guangzhou.myqcloud.com/1000029/3067f8056052441e9c5b4865a0c28c2c,企业微信怎么邀请同事加入企业？,2021/9/24,489
https://quan-1259287960.cos.ap-guangzhou.myqcloud.com/1000029/ba182b74676244dd801d8ad5023b2b60,社群运营干货：如何禁止企业成员创建群聊？,2021/9/24,565
https://quan-1259287960.cos.ap-guangzhou.myqcloud.com/1000029/0d84f663585342a6a0c0dac7e884153a,企业微信营销：如何删除企微快捷回复话术？,2021/9/24,620
https://quan-1259287960.cos.ap-guangzhou.myqcloud.com/1000029/83692958d37a406b9b55a5d3ea7d73dd,企业微信这四个功能，你一定要知道！,2021/9/24,469
https://quan-1259287960.cos.ap-guangzhou.myqcloud.com/1000029/1b6a76abf5574206ac51c497d3bc303c,企业微信添加好友数量有上限吗？,2021/9/23,696
https://quan-1259287960.cos.ap-guangzhou.myqcloud.com/1000029/c84a890f575c47cea374f6b71f753520,企业微信在线客服在哪？如何联系在线客服？,2021/9/23,514
https://quan-1259287960.cos.ap-guangzhou.myqcloud.com/1000029/816256df094644fe99b27ffdb10904a8,社群运营的注意事项有哪些？,2021/9/23,380
https://quan-1259287960.cos.ap-guangzhou.myqcloud.com/1000029/7933a053b2ee4b8fade66dc93925df88,做私域流量运营前，这五点必须要知道,2021/9/23,751
https://quan-1259287960.cos.ap-guangzhou.myqcloud.com/1000029/4c3059befec14c159711f2f548134c19,企业微信快捷回复怎么设置？只能添加纯文字吗？,2021/9/22,486
https://quan-1259287960.cos.ap-guangzhou.myqcloud.com/1000029/3f7c3743e0ff4b648ce19d537310376a,员工怎么退出企业微信？退出之后聊天记录还在吗？,2021/9/22,883
https://quan-1259287960.cos.ap-guangzhou.myqcloud.com/1000029/b0cf98fa03eb45e893ac62e988cc3dbb,企业该如何打造私域流量池？,2021/9/22,423
https://quan-1259287960.cos.ap-guangzhou.myqcloud.com/1000029/c2d5592616f54aa4a25511e65932f548,社群运营干货：企微群可以设置禁言吗？,2021/9/22,307
https://quan-1259287960.cos.ap-guangzhou.myqcloud.com/1000029/96833a12839544b08936ce1c1be19113,企业微信转移客户的方法有哪些？,2021/9/22,433
https://quan-1259287960.cos.ap-guangzhou.myqcloud.com/1000029/e0605e3f7d8d47c4891b5238a984cc84,企业微信是什么？关于企业微信这五点你必须要清楚,2021/9/21,811
https://quan-1259287960.cos.ap-guangzhou.myqcloud.com/1000029/1dd1dcd5b9854d61a1e0bac6b65f0323,企业微信的聊天工具功能有哪些呢？,2021/9/21,463
https://quan-1259287960.cos.ap-guangzhou.myqcloud.com/1000029/ced3841bb65a4f9fbded905e478e47bf,企业微信营销的功能有哪些呢？,2021/9/20,451
https://quan-1259287960.cos.ap-guangzhou.myqcloud.com/1000029/896952efcc19432f829c4d822c1431b6,企业微信离职继承如何设置？规则有哪些？,2021/9/20,482
https://quan-1259287960.cos.ap-guangzhou.myqcloud.com/1000029/296205f246354149a403df3e4e1af5b6,社群运营干货：如何查看群主是否完成群发任务？,2021/9/20,351
https://quan-1259287960.cos.ap-guangzhou.myqcloud.com/1000029/e7fc4eea7a6c44069f92b6ceb4d4526e,企业微信创建人可以变更吗？如何操作？,2021/9/19,423
https://quan-1259287960.cos.ap-guangzhou.myqcloud.com/1000029/3eaea53c3519468397dc38fc5dd9253c,微信和淘宝互通，未来的私域会是什么样子？,2021/9/19,588
https://quan-1259287960.cos.ap-guangzhou.myqcloud.com/1000029/7c3b728872b34199b0a81ad6fc9e075a,圈量SCRM金牌赞助2021宝洁校友会，用好工具驱动品牌私域,2021/9/18,496
https://quan-1259287960.cos.ap-guangzhou.myqcloud.com/1000029/5269761f752647f08803e08f8f3e4027,企业微信客户流失有提醒吗？该如何查看呢？,2021/9/18,412
https://quan-1259287960.cos.ap-guangzhou.myqcloud.com/1000029/da6596e9e9584d9eae1eab45abbbc584,社群运营干货：如何移除企微群内重复的群成员？,2021/9/17,336
https://quan-1259287960.cos.ap-guangzhou.myqcloud.com/1000029/cfc70ec2c34a4e17bc330a08e520cb16,企业微信外部群可以发红包吗？,2021/9/17,401
https://quan-1259287960.cos.ap-guangzhou.myqcloud.com/1000029/9bc7d11c466346e6a56736a0691280cd,为什么说企业微信是私域流量的最佳载体？,2021/9/17,442
https://quan-1259287960.cos.ap-guangzhou.myqcloud.com/1000029/5abbe46c44b1401ba92667e0c977ac94,社群运营干货：常见的社群类型有哪些呢？,2021/9/17,364
https://quan-1259287960.cos.ap-guangzhou.myqcloud.com/1000029/2f87eaa5542c46d6b727828cb1db0224,企业微信对内功能有哪些呢?,2021/9/16,332
https://quan-1259287960.cos.ap-guangzhou.myqcloud.com/1000029/e6272f546b644ec194050d50987ea349,企业微信可以创建几个企业？如何创建新的企业？,2021/9/16,388
https://quan-1259287960.cos.ap-guangzhou.myqcloud.com/1000029/0fad8b1608d846b395adf66da7c46be1,企业微信在职继承怎么用？规则是什么？,2021/9/16,453
https://quan-1259287960.cos.ap-guangzhou.myqcloud.com/1000029/37a835c2ee9546eb8436ace9dcc112a3,企微群如何制定社群运营SOP呢？,2021/9/16,775
https://quan-1259287960.cos.ap-guangzhou.myqcloud.com/1000029/910497a6af064780aecaa267897b57dc,私域流量运营常见的误区有哪些？,2021/9/16,495
https://quan-1259287960.cos.ap-guangzhou.myqcloud.com/1000029/ae0018411da4427eac58db811be310f2,怎么使用企业微信进行客户管理呢？,2021/9/15,485
https://quan-1259287960.cos.ap-guangzhou.myqcloud.com/1000029/a5c94e86fc1a4162822c42f29e082ca3,私域流量运营：如何跟进和管理新客户呢？,2021/9/15,336
https://quan-1259287960.cos.ap-guangzhou.myqcloud.com/1000029/c1ea4039aaea4375af27cf2513028bad,企业微信需要养号吗？如何提升企微号权重？,2021/9/15,551
https://quan-1259287960.cos.ap-guangzhou.myqcloud.com/1000029/2a7c60b7fb37403f85fdde9ca31619e8,社群的本质是什么？社群运营三个常犯的错误点,2021/9/15,368
https://quan-1259287960.cos.ap-guangzhou.myqcloud.com/1000029/9ae57ad1894a422f8c815976c3cf6b67,社群运营干货：群活码能够关联多少企微群呢？,2021/9/14,467
https://quan-1259287960.cos.ap-guangzhou.myqcloud.com/1000029/40a58f0102744c8ca1d3b6d57732a8c5,企业微信适合做社群运营吗？,2021/9/14,394
https://quan-1259287960.cos.ap-guangzhou.myqcloud.com/1000029/e2cd6318381043ca9bc629d8f9a77efc,私域流量运营该选择企微还是个微呢？,2021/9/14,289
https://quan-1259287960.cos.ap-guangzhou.myqcloud.com/1000029/5f8c030c7ec84a54955ecc5946d6c34c,私域流量是什么？私域流量能给我们带来什么？,2021/9/13,391
https://quan-1259287960.cos.ap-guangzhou.myqcloud.com/1000029/62364a76c53240ea93a48a3915fc6385,企业搭建私域流量池，为什么要做社群运营呢？,2021/9/13,437
https://quan-1259287960.cos.ap-guangzhou.myqcloud.com/1000029/69367ea0fa164a85b3e11dbbb7fbb4f4,企业微信朋友圈营销的技巧有哪些？,2021/9/13,725
https://quan-1259287960.cos.ap-guangzhou.myqcloud.com/1000029/af581378bd504c13bf67234ea770e830,企业微信可以拉黑客户吗?该如何操作呢？,2021/9/13,403
https://quan-1259287960.cos.ap-guangzhou.myqcloud.com/1000029/afb80d5ea7dd403c96cd899cdcc1183f,使用企业微信做营销，为什么还要选择第三方应用呢？,2021/9/12,564
https://quan-1259287960.cos.ap-guangzhou.myqcloud.com/1000029/50b5dcc2017a4ae49b35f2a9af797c94,社群运营干货：企微外部群怎么转让群主？,2021/9/12,309
https://quan-1259287960.cos.ap-guangzhou.myqcloud.com/1000029/c5f26b7dc7b34d9b894c303b70797c96,电商私域想快速加粉？这里有一份完整的解决方案！,2021/9/12,737
https://quan-1259287960.cos.ap-guangzhou.myqcloud.com/1000029/2ce768f9458f496b8a7edffcfc2f7bc3,企业微信朋友圈客户无法查看是怎么回事？,2021/9/11,635
https://quan-1259287960.cos.ap-guangzhou.myqcloud.com/1000029/5af4579b79ad4d8a921b84553ab4c566,这个加粉活码厉害了！不仅支持渠道标记，还可以实现业务线&用户属性需求分流！,2021/9/11,556
https://quan-1259287960.cos.ap-guangzhou.myqcloud.com/1000029/c6d30985c7024dcb8106d9c2a6fd4537,企业微信可以建立多少个外部群？群满之后能够自动建新群吗？,2021/9/10,493
https://quan-1259287960.cos.ap-guangzhou.myqcloud.com/1000029/dc46fc1a4786479bac88dcecfe691689,社群营销干货：企微支持标签建群吗？,2021/9/10,470
https://quan-1259287960.cos.ap-guangzhou.myqcloud.com/1000029/5b2548a2070a46078347070a12e72ed7,做私域流量运营时引流效果不佳，是因为你方法用错了,2021/9/10,313
https://quan-1259287960.cos.ap-guangzhou.myqcloud.com/1000029/dfe0eb4a8014411b85477409d4560526,企业微信聊天侧边栏的快捷回复怎么设置？,2021/9/10,303
https://quan-1259287960.cos.ap-guangzhou.myqcloud.com/1000029/d22b74fbb0374f069e129f74e6a3dcd6,社群运营干货：个微群能够直接转为企微外部群吗？,2021/9/9,553
https://quan-1259287960.cos.ap-guangzhou.myqcloud.com/1000029/c3dc3ae9007a464ab75198586023f52d,企业微信对外名片手机号可以隐藏起来吗？,2021/9/9,387
https://quan-1259287960.cos.ap-guangzhou.myqcloud.com/1000029/70792c7edd814623ae8288d4253ed7ff,企业微信管理员有几种？权限有哪些？,2021/9/9,373
https://quan-1259287960.cos.ap-guangzhou.myqcloud.com/1000029/4250a52fd7d64e96affd3d0b7e4cd1bf,企业微信群发数量有限制吗？,2021/9/9,599
https://quan-1259287960.cos.ap-guangzhou.myqcloud.com/1000029/7e82a92c4792437b90995debbbb96250,企业微信的离职继承功能怎么用？需要客户确认吗？,2021/9/9,364
https://quan-1259287960.cos.ap-guangzhou.myqcloud.com/1000029/dac595845ede4971aab705315984acbf,社群运营干货：企业微信如何高效管理社群？,2021/9/9,576
https://quan-1259287960.cos.ap-guangzhou.myqcloud.com/1000029/9ac3af4a7ba8448f8baf2043aac58bd9,私域流量运营该如何提升客户粘性呢？,2021/9/9,332
https://quan-1259287960.cos.ap-guangzhou.myqcloud.com/1000029/7301143cf3c34d58a0b61e992205ab15,做私域流量运营时，如何精细化运营客户呢？,2021/9/9,336
https://quan-1259287960.cos.ap-guangzhou.myqcloud.com/1000029/923e015ec3a8455eb44bc210257f4461,私域流量是什么？私域流量的特点有哪些？,2021/9/9,454
https://quan-1259287960.cos.ap-guangzhou.myqcloud.com/1000029/0778131b308846df91d79865360abe7c,社群运营干货：进不了企业微信群是什么原因？,2021/9/8,420
https://quan-1259287960.cos.ap-guangzhou.myqcloud.com/1000029/800fcf716b024826adf8735b17b8402c,企业微信引流获客的渠道有哪些？,2021/9/8,427
https://quan-1259287960.cos.ap-guangzhou.myqcloud.com/1000029/3332d69c45ba475cb1dfbd4db5352fec,企业微信适合哪些行业？有行业限制吗？,2021/9/8,503
https://quan-1259287960.cos.ap-guangzhou.myqcloud.com/1000029/d43781029bac429b9680d12529f15935,线下零售行业该如何做私域流量运营呢？,2021/9/8,275
https://quan-1259287960.cos.ap-guangzhou.myqcloud.com/1000029/0d8426621370486298e487a8ea9f0eac,企业微信可以与个人微信互通吗？如何添加个微联系人？,2021/9/7,477
https://quan-1259287960.cos.ap-guangzhou.myqcloud.com/1000029/71e07c6a0e23482e9215b65accf3a0cf,企业微信群有多少种类型？,2021/9/7,405
https://quan-1259287960.cos.ap-guangzhou.myqcloud.com/1000029/9cd0b9a1b1094b4ea852232ff45ac7a3,企业微信做营销的优势有哪些？,2021/9/6,412
https://quan-1259287960.cos.ap-guangzhou.myqcloud.com/1000029/d9d54b42db054557bfb0fbf6128115b0,社群运营干货：如何预防企微群内好友刷屏呢？,2021/9/5,285
https://quan-1259287960.cos.ap-guangzhou.myqcloud.com/1000029/c0586f6ef02f4b949863af1537c5947c,聊天关键词自动生成标签！再也不怕忘记更新标签了,2021/9/5,434
https://quan-1259287960.cos.ap-guangzhou.myqcloud.com/1000029/9da64fa3ca614883a55bdb1ad13580a0,都在用SCRM，它和传统CRM到底有什么区别？,2021/9/4,574
https://quan-1259287960.cos.ap-guangzhou.myqcloud.com/1000029/c79a5340022f4d2b8c35045d8a5de267,"社群运营干货:如何将企微群好友踢出群聊,会有提示吗?",2021/9/3,452
https://quan-1259287960.cos.ap-guangzhou.myqcloud.com/1000029/56837eede505494e9d810d952ef7bf0c,企业微信申请流程？申请企业微信需要什么条件？,2021/9/3,332
https://quan-1259287960.cos.ap-guangzhou.myqcloud.com/1000029/b0acfecb341e4e1796de62c0c284d82c,企业微信添加好友数量有限制吗？如何扩容呢？,2021/9/3,403
https://quan-1259287960.cos.ap-guangzhou.myqcloud.com/1000029/669f3abf608542e7aa198d05c4c2c4df,在企业微信和个人微信做营销有什么区别？,2021/9/2,422
https://quan-1259287960.cos.ap-guangzhou.myqcloud.com/1000029/b95a892249dd4e01949c53d0afb8aed2,社群运营干货：社群太多，该怎么高效运营呢？,2021/9/2,328
https://quan-1259287960.cos.ap-guangzhou.myqcloud.com/1000029/e92baa5ef6e446198412f39e456ef483,企业微信可以对外收款吗？有限额吗？,2021/9/2,343
https://quan-1259287960.cos.ap-guangzhou.myqcloud.com/1000029/f3f4df98b3ef4418807588e0448f8c69,私域流量运营怎么做？这三个步骤可缺少！,2021/9/1,446
https://quan-1259287960.cos.ap-guangzhou.myqcloud.com/1000029/107e75ea376541dfa493f03419986147,企业微信如何进行实名认证？可以隐藏实名吗？,2021/9/1,421
https://quan-1259287960.cos.ap-guangzhou.myqcloud.com/1000029/f01a4eedcb8a4dd4b401c575f45d44ff,社群运营干货：企微群和个微群区别有？,2021/9/1,263
https://quan-1259287960.cos.ap-guangzhou.myqcloud.com/1000029/5daf066d519a419fa99b389ae288d215,企业微信云端聊天记录最长保存时间是多少天？,2021/9/1,405
https://quan-1259287960.cos.ap-guangzhou.myqcloud.com/1000029/0caf810da0224c9eb49caca3a06292b5,私域流量是什么？企业做私域流量运营有什么好处？,2021/8/31,381
https://quan-1259287960.cos.ap-guangzhou.myqcloud.com/1000029/8272c61d7ce84365a5da4fc05ed9fad2,社群运营干货：如何快速添加群内好友呢？,2021/8/31,384
https://quan-1259287960.cos.ap-guangzhou.myqcloud.com/1000029/bbe650d9d8f34a628c8cd6240436e959,私域流量运营工具必须要具备哪些功能呢？,2021/8/31,466
https://quan-1259287960.cos.ap-guangzhou.myqcloud.com/1000029/955e34ef292546bb800e6b25136224b6,企业微信群机器人该怎么配置呢？,2021/8/31,1055
https://quan-1259287960.cos.ap-guangzhou.myqcloud.com/1000029/c49f1860e50e4015be26c124b816c6ba,企业微信敏感词拦截该怎么设置？,2021/8/30,348
https://quan-1259287960.cos.ap-guangzhou.myqcloud.com/1000029/bac5147f50e3494f845ce807e8ec89c5,企业微信客户联系功能有哪些呢？该如何配置呢？,2021/8/30,270
https://quan-1259287960.cos.ap-guangzhou.myqcloud.com/1000029/6871c1f63af649959ae0870f18f12463,私域流量该如何引流与裂变呢？,2021/8/30,724
https://quan-1259287960.cos.ap-guangzhou.myqcloud.com/1000029/06d619d7a66f4e718601b0da5f240736,社群运营干货：如何设置群聊自动踢人呢？,2021/8/30,293
https://quan-1259287960.cos.ap-guangzhou.myqcloud.com/1000029/14c1324e99274ef4b5f8a646616e48c9,企微更新群接龙，活跃社群的n个玩法来啦！快进来抄作业,2021/8/29,792
https://quan-1259287960.cos.ap-guangzhou.myqcloud.com/1000029/64f4d665920843eeb4f19bf1dbdb0acd,做私域流量的四个小贴士,2021/8/29,544
https://quan-1259287960.cos.ap-guangzhou.myqcloud.com/1000029/4eb0be51d41445f790e415910b783a20,圈量科技x蓝鲸私域「私域增长爆量营」广州站启动，3000字干货实录！,2021/8/28,710
https://quan-1259287960.cos.ap-guangzhou.myqcloud.com/1000029/086e061b53c048cdbc6a4b91fabb9656,社群运营干货：企微群支持群接龙吗？,2021/8/27,468
https://quan-1259287960.cos.ap-guangzhou.myqcloud.com/1000029/ab64eaf758104a81bd37887d0cfe223d,社群运营干货：客户退出企微群会有提示吗？,2021/8/27,278
https://quan-1259287960.cos.ap-guangzhou.myqcloud.com/1000029/6a4be57b686043cf9544dad1b55ccbb7,企业微信对外名片有哪些信息？该如何设置呢？,2021/8/27,587
https://quan-1259287960.cos.ap-guangzhou.myqcloud.com/1000029/e0b30940d255499a9d83141b89fbe509,美业实体店该如何搭建私域流量体系？,2021/8/26,325
https://quan-1259287960.cos.ap-guangzhou.myqcloud.com/1000029/c375adc90db24a64aef6f8930e56f088,如何通过企业微信做社群运营呢？,2021/8/26,302
https://quan-1259287960.cos.ap-guangzhou.myqcloud.com/1000029/d747166dd1034144b5bf56923defa27e,社群运营干货：企业微信群二维码如何设置长期有效？,2021/8/25,417
https://quan-1259287960.cos.ap-guangzhou.myqcloud.com/1000029/4ce121ef5b4844b2b7bbc176c8b81811,企业微信群发一次能够发给多少个人？,2021/8/25,417
https://quan-1259287960.cos.ap-guangzhou.myqcloud.com/1000029/95bd41c15cc44b95856e1e0b973fd165,企业微信封号的原因有哪些？,2021/8/25,559
https://quan-1259287960.cos.ap-guangzhou.myqcloud.com/1000029/71d4f17dece54cedbcd1827a3ec0ac97,企业微信一定要进行主体认证吗？,2021/8/24,366
https://quan-1259287960.cos.ap-guangzhou.myqcloud.com/1000029/0706a5fd0ea5405585535957dc72a018,社群优势有哪些？社群运营工具有哪些？,2021/8/24,387
https://quan-1259287960.cos.ap-guangzhou.myqcloud.com/1000029/da73883ef187416ebe89ad9a8f067425,企业微信最新版本是多少呢？,2021/8/24,284
https://quan-1259287960.cos.ap-guangzhou.myqcloud.com/1000029/92d4e0bc47ac448aad8af94eccf4982b,社群运营日常需要做什么呢？,2021/8/23,379
https://quan-1259287960.cos.ap-guangzhou.myqcloud.com/1000029/e6a3ce65f5e841c6a12d67352a9c6886,电商行业如何使用企业微信做私域运营呢？,2021/8/23,772
https://quan-1259287960.cos.ap-guangzhou.myqcloud.com/1000029/30858f2df1c14dad90ce2ce97f8b873d,企业微信添加好友上限是多少？被限制添加好友该怎么办？,2021/8/23,557
https://quan-1259287960.cos.ap-guangzhou.myqcloud.com/1000029/2ea2a3483d2b45caa25bf5766f58f70d,社群4大服务型人设盘点，来看看你的群适合哪一种？,2021/8/21,919
https://quan-1259287960.cos.ap-guangzhou.myqcloud.com/1000029/e58f6f8ae57a413593bd99396024a9e4,企业微信如何养号？注册养号一站式攻略来啦！,2021/8/21,537
https://quan-1259287960.cos.ap-guangzhou.myqcloud.com/1000029/4c99c2b263db453a9f09a10786cc20c4,企业微信可以设置好友添加自动通过吗？,2021/8/20,497
https://quan-1259287960.cos.ap-guangzhou.myqcloud.com/1000029/68c1cbffa90e4e728b3c244c71c4d2e0,企业微信营销干货：如何预防销售删除客户呢？,2021/8/20,339
https://quan-1259287960.cos.ap-guangzhou.myqcloud.com/1000029/63c2a6a1457849de8c445e05eac8634d,企业微信与个人微信在显示上不同点有？,2021/8/19,370
https://quan-1259287960.cos.ap-guangzhou.myqcloud.com/1000029/28e6e32912524cf38fb91ebb161cd9f2,企业微信自动回复怎么设置？支持自动发文件吗？,2021/8/19,441
https://quan-1259287960.cos.ap-guangzhou.myqcloud.com/1000029/5a325250f05647ec9f21c3a959f37087,社群运营干货：如何提升群内好友的参与度呢？,2021/8/19,285
https://quan-1259287960.cos.ap-guangzhou.myqcloud.com/1000029/3e1d45c6b820459998f769c13db8f437,企业的私域流量沉淀渠道该如何选择呢？,2021/8/18,501
https://quan-1259287960.cos.ap-guangzhou.myqcloud.com/1000029/f604e5a6e2994108b8b18e65b6d5429e,社群运营干货：群公告该如何设置呢？,2021/8/18,542
https://quan-1259287960.cos.ap-guangzhou.myqcloud.com/1000029/e46405077c9e4751a44be1983394bc5a,私域流量运营的平台该怎么选择呢？,2021/8/17,378
https://quan-1259287960.cos.ap-guangzhou.myqcloud.com/1000029/d22fdd023c3b44ab85f23a1f9adf5eb5,企业微信的聊天记录可以迁移吗？,2021/8/17,453
https://quan-1259287960.cos.ap-guangzhou.myqcloud.com/1000029/264ce5cdad1f49f29d664bae6b0d3710,电商私域流量运营该怎么引流呢？,2021/8/16,426
https://quan-1259287960.cos.ap-guangzhou.myqcloud.com/1000029/a332acc13b21462987e5b9bac774e8bd,社群运营干货：企业微信支持群满自动创建新群吗？,2021/8/16,361
https://quan-1259287960.cos.ap-guangzhou.myqcloud.com/1000029/02dcac47f3fe469c967232778044837b,如何将企业微信中好友加入黑名单呢？,2021/8/16,360
https://quan-1259287960.cos.ap-guangzhou.myqcloud.com/1000029/0765b46bd1634b759b9004871169ef64,企业微信支持群发消息吗？该如何群发呢？,2021/8/15,530
https://quan-1259287960.cos.ap-guangzhou.myqcloud.com/1000029/facf18108b794f988e283e39a4576d70,高客单价私域：四大要素，打造小而精的高转化社群,2021/8/15,620
https://quan-1259287960.cos.ap-guangzhou.myqcloud.com/1000029/d554114d027c4cb2a0755f21280c8f97,个微客户如何快速导流到企业微信？,2021/8/15,668
https://quan-1259287960.cos.ap-guangzhou.myqcloud.com/1000029/936d23eadc8f4a51a4cf384d90e2d8ad,企业为什么要选择企业微信做营销呢？,2021/8/14,322
https://quan-1259287960.cos.ap-guangzhou.myqcloud.com/1000029/5dcf9c7ad60f4cf591a471dcf3a9c416,个人微信和企业微信，哪个更适合管理客户呢？,2021/8/13,478
https://quan-1259287960.cos.ap-guangzhou.myqcloud.com/1000029/181ff20e1be44272b4dc40d34cb6a49d,茶饮实体店该适合做私域流量运营吗？,2021/8/13,456
https://quan-1259287960.cos.ap-guangzhou.myqcloud.com/1000029/569dbf61135a43b79713f270e77f7b3a,社群运营干货：入群欢迎语该如何设置呢？,2021/8/13,453
https://quan-1259287960.cos.ap-guangzhou.myqcloud.com/1000029/b289c8137cbf4f29875086b1a390f82f,社群运营干货：如何预防客户同时进多个群聊呢？,2021/8/12,416
https://quan-1259287960.cos.ap-guangzhou.myqcloud.com/1000029/4f8cc4ac2ab34f5d81789b8645fd4ff9,企业微信哪些功能适合做私域流量运营呢？,2021/8/12,361
https://quan-1259287960.cos.ap-guangzhou.myqcloud.com/1000029/76ba1bdf5c3d40de8dcfd59ed56c91db,企业微信中能够实现客户共享呢？,2021/8/11,431
https://quan-1259287960.cos.ap-guangzhou.myqcloud.com/1000029/da77e93267f8470daad10d06e02a173b,社群运营干货：如何快速新建群聊，邀请好友进群呢？,2021/8/11,385
https://quan-1259287960.cos.ap-guangzhou.myqcloud.com/1000029/c34e69af6c6b41e08d6873744dac09bd,私域流量运营必知的四个要点,2021/8/11,514
https://quan-1259287960.cos.ap-guangzhou.myqcloud.com/1000029/a873d84df27e4113bc9cb0dbc2deafc7,社群运营是什么？为什么要做社群运营呢？,2021/8/10,391
https://quan-1259287960.cos.ap-guangzhou.myqcloud.com/1000029/781ffa7a935e4f8084ee9f2949e23f14,企业微信如何设置群发群聊消息呢？可以定时发送吗？,2021/8/10,544
https://quan-1259287960.cos.ap-guangzhou.myqcloud.com/1000029/cab40ca950fa4139974926ecb114a9a5,社群运营核心是什么？,2021/8/9,376
https://quan-1259287960.cos.ap-guangzhou.myqcloud.com/1000029/b31cf7a9b9e949908bf7d77fe0a3b53c,私域流量有哪些优势？私域流量该怎么引流呢？,2021/8/9,403
https://quan-1259287960.cos.ap-guangzhou.myqcloud.com/1000029/253c43ab573543b287b3bebb6edf9e5a,企业微信聊天信息多久内可以撤回？如何查看已撤回的信息呢？,2021/8/9,475
https://quan-1259287960.cos.ap-guangzhou.myqcloud.com/1000029/6621c34480bd492ab089ca7fb2d992d2,千个好友社群SOP一次性搞定，原来只需做好这件事！,2021/8/8,588
https://quan-1259287960.cos.ap-guangzhou.myqcloud.com/1000029/fef085cd34c24e1a97930dd5508a1997,企业私域流量池中客户该怎么样进行管理呢？,2021/8/8,367
https://quan-1259287960.cos.ap-guangzhou.myqcloud.com/1000029/db107262f897437c89210d2ff4af96cb,企业微信欢迎语和入群欢迎语该怎么配置呢？,2021/8/7,390
https://quan-1259287960.cos.ap-guangzhou.myqcloud.com/1000029/96254ea1d21f476cb350346f95515f05,客户的心思很难猜？一个技巧，教你判断客户的真正需求！,2021/8/7,407
https://quan-1259287960.cos.ap-guangzhou.myqcloud.com/1000029/b7519bedf5b544cfab3128bc87a19965,社群运营干货：如何预防社群内好友互加呢？,2021/8/7,481
https://quan-1259287960.cos.ap-guangzhou.myqcloud.com/1000029/51d1043cb601456aa9d6cba443976d95,社群运营干货：如何预防客户在群聊中乱发广告呢？,2021/8/6,348
https://quan-1259287960.cos.ap-guangzhou.myqcloud.com/1000029/888af7330c704fb19c7f37ce6554e719,删除、注销、解散企业微信企业帐号操作步骤！,2021/8/6,454
https://quan-1259287960.cos.ap-guangzhou.myqcloud.com/1000029/2abd2f2b20ea4cec80322d3733526f5c,企业微信怎么帮助企业搭建私域流量池呢？,2021/8/5,466
https://quan-1259287960.cos.ap-guangzhou.myqcloud.com/1000029/6f569ce6bb6b4cb6ba2d0d59f79441ee,企业微信该如何认证呢？认证之后有什么有优势呢？,2021/8/5,439
https://quan-1259287960.cos.ap-guangzhou.myqcloud.com/1000029/a74001bcdf094a04a9e015a976f73026,为什么说企业微信适合做私域流量运营呢?,2021/8/5,550
https://quan-1259287960.cos.ap-guangzhou.myqcloud.com/1000029/d13428241293493c9efcac1eda4be9e3,电商行业社群运营该怎么做呢？该如何引流获客呢？,2021/8/4,426
https://quan-1259287960.cos.ap-guangzhou.myqcloud.com/1000029/512674ad1f5d4014a6b6a63804fd02b9,企业微信可以实现自动回复吗？该如何设置？,2021/8/4,1306
https://quan-1259287960.cos.ap-guangzhou.myqcloud.com/1000029/9e1b50d38fbf4a2da336363c6d2f98c1,圈量SCRM用户画像功能有什么用呢？,2021/8/4,387
https://quan-1259287960.cos.ap-guangzhou.myqcloud.com/1000029/67da156b6bb54c0993f4e1d9ed85a5b8,圈量SCRM的内容运营功能详解！,2021/8/3,708
https://quan-1259287960.cos.ap-guangzhou.myqcloud.com/1000029/64c598f64db04c63a2b0f5c2eb310a41,私域流量是什么？私域流量的来源有哪些呢？,2021/8/3,510
https://quan-1259287960.cos.ap-guangzhou.myqcloud.com/1000029/c198775b4c6e4bd7b9c5947035bf619a,为什么企业微信更适合做营销呢？,2021/8/2,460
https://quan-1259287960.cos.ap-guangzhou.myqcloud.com/1000029/5699fa1414794e6e8672295b9cac1ceb,圈量SCRM怎样修改成员权限？,2021/8/2,392
https://quan-1259287960.cos.ap-guangzhou.myqcloud.com/1000029/7ed72f01cce048bd988e52c7a072fe17,适合搭建私域流量池的行业有哪些特点呢？,2021/8/2,375
https://quan-1259287960.cos.ap-guangzhou.myqcloud.com/1000029/90729af2355148d8a2ddd1111cdfee0f,企业微信号容易被封吗？如何预防企微号被封呢？,2021/8/1,481
https://quan-1259287960.cos.ap-guangzhou.myqcloud.com/1000029/c3e5fc6add0f47769efd662fc3607227,企业微信该怎么清理僵尸粉呢？,2021/8/1,668
https://quan-1259287960.cos.ap-guangzhou.myqcloud.com/1000029/28c11b49803b467984e6b68f25985582,圈量SCRM：学会这4个模型，用户画像立刻搞定！,2021/8/1,721
https://quan-1259287960.cos.ap-guangzhou.myqcloud.com/1000029/4c6e0f234f8c4d2d9a86fc3ddfa81556,80%的用户都被新功能“骗”了？「微信客服」其实是商家客服！,2021/7/31,449
https://quan-1259287960.cos.ap-guangzhou.myqcloud.com/1000029/3c31803904c747e9bfeb96044d646084,企业微信外部群有什么用？该怎么创建呢？,2021/7/30,1229
https://quan-1259287960.cos.ap-guangzhou.myqcloud.com/1000029/8f06fac8e93a4ebeb139c44c80848b77,圈量SCRM：餐饮行业为什么要搭建私域流量池？,2021/7/30,579
https://quan-1259287960.cos.ap-guangzhou.myqcloud.com/1000029/f4701d75227c44d6aab9d1d4a0d876f5,社群与私域流量两者能划上等号吗？,2021/7/29,385
https://quan-1259287960.cos.ap-guangzhou.myqcloud.com/1000029/186a0e36641f466d8bb456e4f4cc64b3,私域流量运营：服装行业实体店该如何进行引流呢？,2021/7/29,582
https://quan-1259287960.cos.ap-guangzhou.myqcloud.com/1000029/6edd568b23604ba0946d8f981792d304,企业微信指南：圈量SCRM引流运营能力大解析,2021/7/28,960
https://quan-1259287960.cos.ap-guangzhou.myqcloud.com/1000029/bd62d234cfc6432eb47ee5eb0c5f6d06,零售、教育、政务、金融版企业微信特点有哪些？,2021/7/28,375
https://quan-1259287960.cos.ap-guangzhou.myqcloud.com/1000029/88224c2c814148f8a23a938d19fac2ba,企业微信朋友圈是怎么开通与使用的呢？,2021/7/28,455
https://quan-1259287960.cos.ap-guangzhou.myqcloud.com/1000029/5b79023545094cd099c12701bbc3c2fb,圈量SCRM是如何对客户进行精细化运营的呢？,2021/7/27,415
https://quan-1259287960.cos.ap-guangzhou.myqcloud.com/1000029/a9199bc81a404418b4e0b5d690279171,企微和个微谁更适合做社群运营呢？社群运营工具有哪些呢？,2021/7/27,432
https://quan-1259287960.cos.ap-guangzhou.myqcloud.com/1000029/69d31dfb28c14e3aa905c5d819103089,企业微信的聊天记录能够存档吗？,2021/7/27,501
https://quan-1259287960.cos.ap-guangzhou.myqcloud.com/1000029/8e3d0174c94649d19afeb4de6292bf16,社群运营是什么?社群该怎么运营呢？,2021/7/26,466
https://quan-1259287960.cos.ap-guangzhou.myqcloud.com/1000029/b4f0d35dac374b53adc12a7e6fc26fbc,6.18服装品牌增长案例：公众号+视频号+小程序打造私域闭环,2021/7/25,527
https://quan-1259287960.cos.ap-guangzhou.myqcloud.com/1000029/ff579a10f6dd41b98d4e8aa4b32db195,GMV破三亿，百果园的私域玩法给普通玩家的三点启发,2021/7/25,553
https://quan-1259287960.cos.ap-guangzhou.myqcloud.com/1000029/b719eb2a972d4a079c40f2cb5142e397,视频号运营思路盘点 ：企业如何通过内容撬动流量？,2021/7/24,522
https://quan-1259287960.cos.ap-guangzhou.myqcloud.com/1000029/8b27a528d85b4295b34b36274d8cfa9c,豪车毒 | 180台手机，9个人做年流水15亿的豪车私域,2021/7/24,1104
https://quan-1259287960.cos.ap-guangzhou.myqcloud.com/1000029/e2f0a430391d459cb5d2ca1c33a9127a,为什么企微比个微更适合做社群运营？,2021/7/23,646
https://quan-1259287960.cos.ap-guangzhou.myqcloud.com/1000029/d1adf98c43cc4d9b96b6f0de222ea370,企业微信新增第三方应用的实操步骤,2021/7/23,399
https://quan-1259287960.cos.ap-guangzhou.myqcloud.com/1000029/029b2b93fe0f4bd6bf99fba781f7c8ae,圈量SCRM系统的渠道活码该如何设置与使用呢？,2021/7/23,416
https://quan-1259287960.cos.ap-guangzhou.myqcloud.com/1000029/07421ae504e1486bbe9fa6804d1a5084,圈量SCRM系统该如何配置成员与权限呢？,2021/7/22,358
https://quan-1259287960.cos.ap-guangzhou.myqcloud.com/1000029/91126ad0bd27469bab3767664353ad51,圈量SCRM：什么是私域流量？有什么用呢？,2021/7/22,425
https://quan-1259287960.cos.ap-guangzhou.myqcloud.com/1000029/fa4140f12fee4ee0839c8e8c6dd19361,传统行业该如何着手建立私域流量池？,2021/7/21,416
https://quan-1259287960.cos.ap-guangzhou.myqcloud.com/1000029/92a3542bcfd048879f2e72363b54c7de,企业微信做私域流量运营的优势主要有？,2021/7/21,359
https://quan-1259287960.cos.ap-guangzhou.myqcloud.com/1000029/71a6c93e7c864479ac769bf5f8d31db0,圈量SCRM：相对于个微，为什么企业更喜欢用企微呢？,2021/7/21,384
https://quan-1259287960.cos.ap-guangzhou.myqcloud.com/1000029/16eb98d9ab2f4ce3adfda14f7965d286,品牌成长的三个阶段，哪些价值点可以提升复购？,2021/7/19,391
https://quan-1259287960.cos.ap-guangzhou.myqcloud.com/1000029/61f38a2ab5e24426886f7471daa3e69a,零基础做企微私域增长，那些不可不知的基本概念,2021/7/19,296
https://quan-1259287960.cos.ap-guangzhou.myqcloud.com/1000029/899b2dfa8874495c977aed197b0ec88f,企业微信分来了，五个维度加分怎么做？,2021/7/7,453
https://quan-1259287960.cos.ap-guangzhou.myqcloud.com/1000029/452b0b8002f64829b4a768edfb6076d8,微信营销如何追踪推广引流效果？微信营销需要跟踪数据吗？,2021/7/1,644
https://quan-1259287960.cos.ap-guangzhou.myqcloud.com/1000029/f8889213e580496d85f3e00da5003afd,疫情禁止堂食≠停业，餐饮老板用私域流量运营火热接单,2021/7/1,465
https://quan-1259287960.cos.ap-guangzhou.myqcloud.com/1000029/f2e0099917b341dc9eee2027943ba6ea,打法拆解：餐饮业如何玩转私域流量运营？,2021/5/29,3104
https://quan-1259287960.cos.ap-guangzhou.myqcloud.com/1000029/b5c287e9897541eabc9c38dcef141c8e,企业微信营销新玩法：小程序可直接扫码添加企业微信好友,2021/5/29,854
https://quan-1259287960.cos.ap-guangzhou.myqcloud.com/1000029/eaa2ca171a1d4debba6797e578b729f1,薇诺娜：大船驶入港湾，私域成盈利关键,2021/5/24,1565
https://quan-1259287960.cos.ap-guangzhou.myqcloud.com/1000029/1b49204cc544422bac53fc1f52dbda79,母婴打法| 合生元是如何通过私域做到月销4亿的？,2021/5/24,1101
https://quan-1259287960.cos.ap-guangzhou.myqcloud.com/1000029/3dda5663d8be4fd3b6f0afc1d3f6172d,高补贴+高亏损？瑞幸用企微私域强势逆袭,2021/5/9,2126
https://quan-1259287960.cos.ap-guangzhou.myqcloud.com/1000029/7fd795648f4a4d7487bc226e881c88ea,汽车界“海底捞”蔚来，是真正的高端私域玩家,2021/5/9,2236
https://quan-1259287960.cos.ap-guangzhou.myqcloud.com/1000029/3570855bf6554cf08a64fdfed283aa64,叮咚买菜，如何在巨头围堵下逆势扩张？,2021/5/9,1333
https://quan-1259287960.cos.ap-guangzhou.myqcloud.com/1000029/95e4458456974a79872ee7a58f66149b,腾讯任命“首席快乐增长官”？大厂最想让用户快乐,2021/5/9,480
https://quan-1259287960.cos.ap-guangzhou.myqcloud.com/1000029/9b39b86a9d594e8893ee7584f2eed0da,有了微信个人号营销，为什么还要用企业微信做私域？,2021/5/9,521
https://quan-1259287960.cos.ap-guangzhou.myqcloud.com/1000029/9bb82d2727c843efb8b2f44fbaceafe3,私董会内参：零售品牌数智化转型的破局之路,2021/4/30,462
https://quan-1259287960.cos.ap-guangzhou.myqcloud.com/1000029/f07c7d2fd6a84f9eb2dbef63ca95dc57,企业微信里什么是私域流量，私域流量和公域流量有什么区别,2021/4/28,1279
https://quan-1259287960.cos.ap-guangzhou.myqcloud.com/1000029/67186f91e96449aeacfae0e9fe562eee,新零售行业，做私域流量运营必备的四种商业思维,2021/4/16,1258
https://quan-1259287960.cos.ap-guangzhou.myqcloud.com/1000029/9d8699fcec4d4e13a6560d84fefb8223,产品维度看私域：什么是全链路？,2021/4/16,1013
https://quan-1259287960.cos.ap-guangzhou.myqcloud.com/1000029/7d32b196fdb747edb860bc50423c87a0,被称为雪糕界的爱马仕，凭啥卖出“天价”？,2021/4/16,839
https://quan-1259287960.cos.ap-guangzhou.myqcloud.com/1000029/a7e5f9f793024b42b7cfb4962f1e0a65,日入12万！疯狂的视频号直播该怎么入手？,2021/4/16,596
https://quan-1259287960.cos.ap-guangzhou.myqcloud.com/1000029/0aef924bc8a64d28a4325762727a0b55,注意，这个型号的手机可能会收不到企业微信新消息！,2021/4/10,592
https://quan-1259287960.cos.ap-guangzhou.myqcloud.com/1000029/8590d79d88c94d229136b49c2f686630,企业微信封号了怎么办？会把企业封了吗？,2021/4/7,597
https://quan-1259287960.cos.ap-guangzhou.myqcloud.com/1000029/b7b2eb1ccca042508eb77ef550572b79,iPad能登录企业微信嘛？Android平板可以登录企业微信吗？,2021/4/2,926
